landmark_0_x,landmark_0_y,landmark_0_z,landmark_1_x,landmark_1_y,landmark_1_z,landmark_2_x,landmark_2_y,landmark_2_z,landmark_3_x,landmark_3_y,landmark_3_z,landmark_4_x,landmark_4_y,landmark_4_z,landmark_5_x,landmark_5_y,landmark_5_z,landmark_6_x,landmark_6_y,landmark_6_z,landmark_7_x,landmark_7_y,landmark_7_z,landmark_8_x,landmark_8_y,landmark_8_z,landmark_9_x,landmark_9_y,landmark_9_z,landmark_10_x,landmark_10_y,landmark_10_z,landmark_11_x,landmark_11_y,landmark_11_z,landmark_12_x,landmark_12_y,landmark_12_z,landmark_13_x,landmark_13_y,landmark_13_z,landmark_14_x,landmark_14_y,landmark_14_z,landmark_15_x,landmark_15_y,landmark_15_z,landmark_16_x,landmark_16_y,landmark_16_z,landmark_17_x,landmark_17_y,landmark_17_z,landmark_18_x,landmark_18_y,landmark_18_z,landmark_19_x,landmark_19_y,landmark_19_z,landmark_20_x,landmark_20_y,landmark_20_z,gesture_label
0.0,0.0,0.0,-0.3068600296974182,-0.27083489298820496,-0.2132367640733719,-0.541388750076294,-0.6099192500114441,-0.3295128345489502,-0.7141879796981812,-0.9060308337211609,-0.433725506067276,-0.8694521188735962,-1.1224365234375,-0.535836398601532,-0.00035834190202876925,-0.9512186646461487,-0.15481822192668915,-0.003612613771110773,-1.3251293897628784,-0.2828543782234192,0.00530324038118124,-1.5560532808303833,-0.39625900983810425,0.027138788253068924,-1.756502628326416,-0.4856184422969818,0.2979164123535156,-0.9425598978996277,-0.1510850042104721,0.40899720788002014,-1.336111307144165,-0.2620864510536194,0.49047407507896423,-1.5681242942810059,-0.35537007451057434,0.5626921057701111,-1.753977656364441,-0.4326423704624176,0.5368084907531738,-0.8347917199134827,-0.18209536373615265,0.7619581818580627,-1.1653482913970947,-0.31601208448410034,0.9001539945602417,-1.3692845106124878,-0.424802303314209,1.0110000371932983,-1.5441949367523193,-0.5015028715133667,0.7236653566360474,-0.6622742414474487,-0.23363079130649567,1.0395830869674683,-0.8441926836967468,-0.35301801562309265,1.2372639179229736,-0.9655309915542603,-0.4284842312335968,1.4093594551086426,-1.0862832069396973,-0.4844518005847931,paper
0.0,0.0,0.0,-0.25105059146881104,-0.3002726137638092,-0.24909628927707672,-0.41424131393432617,-0.6595098376274109,-0.3678635060787201,-0.5318301320075989,-0.962422788143158,-0.4704342782497406,-0.6296970844268799,-1.2018394470214844,-0.569566547870636,0.16201432049274445,-0.9441373944282532,-0.13161900639533997,0.2689777910709381,-1.3018449544906616,-0.23636426031589508,0.35996124148368835,-1.519272804260254,-0.3462565243244171,0.4496346116065979,-1.7083483934402466,-0.43991175293922424,0.42598575353622437,-0.8974950909614563,-0.11418700963258743,0.6305533647537231,-1.2687371969223022,-0.1996290236711502,0.7792197465896606,-1.480757474899292,-0.29587671160697937,0.9058398008346558,-1.6473498344421387,-0.3833602964878082,0.6190498471260071,-0.7762743830680847,-0.1393262892961502,0.890120267868042,-1.0928386449813843,-0.2420131117105484,1.0693131685256958,-1.2774767875671387,-0.3585118353366852,1.2190145254135132,-1.4338874816894531,-0.45255762338638306,0.7703371047973633,-0.6020982265472412,-0.1918337643146515,1.0647965669631958,-0.7835716605186462,-0.29182127118110657,1.2608568668365479,-0.901826024055481,-0.3780116140842438,1.4390026330947876,-1.0188292264938354,-0.45182135701179504,paper
0.0,0.0,0.0,-0.23678240180015564,-0.294811874628067,-0.22017937898635864,-0.382537305355072,-0.6478971838951111,-0.33014562726020813,-0.480100154876709,-0.9447053074836731,-0.4276096820831299,-0.577735960483551,-1.1762278079986572,-0.5235743522644043,0.1791987121105194,-0.9329097867012024,-0.12732136249542236,0.2827391028404236,-1.277927041053772,-0.24574685096740723,0.36584141850471497,-1.4895312786102295,-0.36325764656066895,0.4481313228607178,-1.6775904893875122,-0.4605634808540344,0.44485530257225037,-0.8865767121315002,-0.12682828307151794,0.6360431909561157,-1.24441397190094,-0.23242835700511932,0.772234320640564,-1.4589250087738037,-0.34203678369522095,0.8921641707420349,-1.6343737840652466,-0.43553808331489563,0.6360021233558655,-0.7608502507209778,-0.16382861137390137,0.908363401889801,-1.0590640306472778,-0.28643298149108887,1.0882021188735962,-1.2478487491607666,-0.4089065194129944,1.239901065826416,-1.4124115705490112,-0.5030478239059448,0.7742727398872375,-0.583478569984436,-0.22330202162265778,1.066728949546814,-0.7556325793266296,-0.33733850717544556,1.265137791633606,-0.872715413570404,-0.42234623432159424,1.448672890663147,-0.9897664785385132,-0.4916655719280243,paper
0.0,0.0,0.0,-0.2438090294599533,-0.293850839138031,-0.212797150015831,-0.3930225670337677,-0.649560272693634,-0.32103231549263,-0.493234246969223,-0.9493017196655273,-0.419085830450058,-0.5928939580917358,-1.1764172315597534,-0.5148055553436279,0.17331519722938538,-0.9356656074523926,-0.11684134602546692,0.27745121717453003,-1.2794550657272339,-0.23207202553749084,0.3611815571784973,-1.490771770477295,-0.3467111587524414,0.4447348415851593,-1.6760146617889404,-0.441675066947937,0.4404769539833069,-0.8897867798805237,-0.11941317468881607,0.6278207302093506,-1.2443965673446655,-0.21930746734142303,0.7633525729179382,-1.4580187797546387,-0.3216981589794159,0.881381630897522,-1.6308660507202148,-0.4096812307834625,0.6361035704612732,-0.7636837363243103,-0.15942807495594025,0.9077976942062378,-1.0611305236816406,-0.27490976452827454,1.0894595384597778,-1.2477524280548096,-0.38876470923423767,1.241441011428833,-1.407547116279602,-0.47656235098838806,0.7788226008415222,-0.5845828652381897,-0.22230416536331177,1.0743263959884644,-0.7600152492523193,-0.33116614818573,1.2752256393432617,-0.8797618746757507,-0.41113632917404175,1.459553837776184,-0.9962024688720703,-0.47573524713516235,paper
0.0,0.0,0.0,-0.24546858668327332,-0.28909236192703247,-0.2221924066543579,-0.39748167991638184,-0.6532273888587952,-0.33383411169052124,-0.5081714391708374,-0.9565420150756836,-0.4326324462890625,-0.6120813488960266,-1.1818419694900513,-0.5287001729011536,0.1646268218755722,-0.9350326657295227,-0.1380959004163742,0.26731616258621216,-1.2821711301803589,-0.2616232633590698,0.3516622483730316,-1.4946424961090088,-0.3803556263446808,0.43384480476379395,-1.6804299354553223,-0.47782036662101746,0.4316338300704956,-0.8916094303131104,-0.13683843612670898,0.6146358847618103,-1.25003182888031,-0.2474984973669052,0.7518770694732666,-1.4652096033096313,-0.3551512658596039,0.8703101277351379,-1.638924479484558,-0.4461413025856018,0.6283591389656067,-0.7682581543922424,-0.1730668693780899,0.8978075981140137,-1.0678019523620605,-0.29825639724731445,1.0828524827957153,-1.2533100843429565,-0.41682326793670654,1.2379586696624756,-1.4133013486862183,-0.5063989758491516,0.7715133428573608,-0.5913023948669434,-0.23226723074913025,1.0640981197357178,-0.7683572769165039,-0.3472738265991211,1.2640950679779053,-0.8885419368743896,-0.43069514632225037,1.446221113204956,-1.0071321725845337,-0.4976459741592407,paper
0.0,0.0,0.0,-0.24090543389320374,-0.2932402491569519,-0.22457198798656464,-0.3947655260562897,-0.644141674041748,-0.3424603343009949,-0.504050612449646,-0.9460201263427734,-0.4483395516872406,-0.6026586294174194,-1.1789140701293945,-0.5517717003822327,0.16402994096279144,-0.9338889718055725,-0.1408017873764038,0.2635525166988373,-1.2789347171783447,-0.2670389711856842,0.34474197030067444,-1.4933894872665405,-0.38836488127708435,0.4261133074760437,-1.681954264640808,-0.48801472783088684,0.4294467866420746,-0.8922638297080994,-0.13942985236644745,0.608916699886322,-1.2542588710784912,-0.25300222635269165,0.7417542338371277,-1.4679938554763794,-0.36064913868904114,0.8597947359085083,-1.6411458253860474,-0.4516855478286743,0.6254703998565674,-0.7697082161903381,-0.17595763504505157,0.8906859159469604,-1.073196530342102,-0.301874041557312,1.0773857831954956,-1.2567514181137085,-0.4174685776233673,1.2372397184371948,-1.4153019189834595,-0.5050098896026611,0.7716294527053833,-0.5928688645362854,-0.23596997559070587,1.062835693359375,-0.7743667364120483,-0.3502710163593292,1.2606977224349976,-0.897127091884613,-0.43173572421073914,1.440491795539856,-1.0182653665542603,-0.49714377522468567,paper
0.0,0.0,0.0,-0.2485431432723999,-0.29300105571746826,-0.2317659556865692,-0.4035719633102417,-0.6452575325965881,-0.346045583486557,-0.5080718398094177,-0.9423701167106628,-0.4470183551311493,-0.5976712703704834,-1.1762365102767944,-0.545451819896698,0.15007902681827545,-0.9421849250793457,-0.13145846128463745,0.25093990564346313,-1.285292148590088,-0.25640422105789185,0.33163225650787354,-1.4958995580673218,-0.380143404006958,0.4137178063392639,-1.681990385055542,-0.4809665083885193,0.41816774010658264,-0.8995604515075684,-0.12620151042938232,0.5971500873565674,-1.2566403150558472,-0.235651433467865,0.7298615574836731,-1.4721418619155884,-0.3472925126552582,0.8478624224662781,-1.6484938859939575,-0.4418114721775055,0.6169788837432861,-0.7761846780776978,-0.1609998196363449,0.8868528008460999,-1.0719361305236816,-0.2868359088897705,1.0685843229293823,-1.2583041191101074,-0.4098445177078247,1.2211909294128418,-1.4201322793960571,-0.502507746219635,0.7640369534492493,-0.6000613570213318,-0.2198149412870407,1.0533885955810547,-0.7802059054374695,-0.33641117811203003,1.2478276491165161,-0.9031624794006348,-0.4226907789707184,1.428213119506836,-1.02456796169281,-0.49180757999420166,paper
0.0,0.0,0.0,-0.24242636561393738,-0.29112088680267334,-0.21400821208953857,-0.39226439595222473,-0.6461044549942017,-0.3211582899093628,-0.49691635370254517,-0.9436855316162109,-0.41696062684059143,-0.5928287506103516,-1.173543095588684,-0.51113361120224,0.1623382419347763,-0.9365198016166687,-0.12626439332962036,0.26437076926231384,-1.2788658142089844,-0.24823243916034698,0.342591792345047,-1.4897572994232178,-0.36772215366363525,0.41856178641319275,-1.6767675876617432,-0.46509847044944763,0.42846205830574036,-0.8945509195327759,-0.12727512419223785,0.6103759407997131,-1.2517541646957397,-0.23713423311710358,0.741050660610199,-1.4682673215866089,-0.3466914892196655,0.8567138314247131,-1.6460472345352173,-0.4389502704143524,0.6242192983627319,-0.7715567350387573,-0.16502366960048676,0.8971956372261047,-1.069260835647583,-0.28929558396339417,1.0811501741409302,-1.2537788152694702,-0.4069598317146301,1.2367116212844849,-1.4143935441970825,-0.4959343671798706,0.7658683657646179,-0.5964048504829407,-0.22471001744270325,1.0584416389465332,-0.776451587677002,-0.3371098041534424,1.2560813426971436,-0.8978365063667297,-0.41667819023132324,1.4379613399505615,-1.0180855989456177,-0.4807247817516327,paper
0.0,0.0,0.0,-0.24046649038791656,-0.2904953360557556,-0.2171662449836731,-0.3919653594493866,-0.6488173007965088,-0.32756122946739197,-0.5043187737464905,-0.9489754438400269,-0.4261047840118408,-0.6048919558525085,-1.1785000562667847,-0.52223801612854,0.16105638444423676,-0.9370096325874329,-0.1337229162454605,0.26379263401031494,-1.2850446701049805,-0.25392797589302063,0.3441236913204193,-1.497971773147583,-0.3706723749637604,0.42058515548706055,-1.685826301574707,-0.466035932302475,0.4271869361400604,-0.8943374156951904,-0.13293614983558655,0.6088957190513611,-1.2551711797714233,-0.24123547971248627,0.7414769530296326,-1.4729281663894653,-0.3486412763595581,0.8583739995956421,-1.651787519454956,-0.43923094868659973,0.6246442794799805,-0.7721195816993713,-0.16859938204288483,0.8946496248245239,-1.0738753080368042,-0.29011642932891846,1.0776536464691162,-1.2601436376571655,-0.40724119544029236,1.2313979864120483,-1.4216853380203247,-0.49587440490722656,0.7699599266052246,-0.5969513654708862,-0.22649438679218292,1.0602447986602783,-0.7800639867782593,-0.3374745845794678,1.257504940032959,-0.9052416682243347,-0.41807645559310913,1.437713861465454,-1.0276638269424438,-0.48261895775794983,paper
0.0,0.0,0.0,-0.2457798421382904,-0.29533514380455017,-0.22776247560977936,-0.4061606526374817,-0.651177167892456,-0.3421514332294464,-0.5182791948318481,-0.9516932964324951,-0.44434529542922974,-0.6181444525718689,-1.1819686889648438,-0.5432990789413452,0.15429621934890747,-0.9419808983802795,-0.1261347532272339,0.2543944716453552,-1.291806936264038,-0.24600467085838318,0.3379073739051819,-1.5061607360839844,-0.36470362544059753,0.4204420745372772,-1.6937495470046997,-0.4619659185409546,0.4230412244796753,-0.8976370096206665,-0.12362799793481827,0.6041419506072998,-1.259376049041748,-0.23028835654258728,0.7389373183250427,-1.4785239696502686,-0.33809390664100647,0.854390025138855,-1.6568175554275513,-0.42910802364349365,0.6222403645515442,-0.7743210196495056,-0.1608491986989975,0.8936111330986023,-1.0740487575531006,-0.28158703446388245,1.0792672634124756,-1.261598825454712,-0.39895057678222656,1.2345014810562134,-1.4240612983703613,-0.4878224730491638,0.7715663313865662,-0.598866879940033,-0.22226910293102264,1.063046932220459,-0.7825379967689514,-0.332668662071228,1.2609360218048096,-0.9085129499435425,-0.4135951101779938,1.4426400661468506,-1.0323647260665894,-0.47869375348091125,paper
0.0,0.0,0.0,-0.2540575861930847,-0.29912275075912476,-0.22421300411224365,-0.4101405441761017,-0.6521694660186768,-0.3337365388870239,-0.5163512825965881,-0.9507657289505005,-0.43237996101379395,-0.602997899055481,-1.1855987310409546,-0.5282236337661743,0.14869485795497894,-0.9421034455299377,-0.1171165257692337,0.24986788630485535,-1.2921607494354248,-0.2371383160352707,0.33285900950431824,-1.5085633993148804,-0.35822558403015137,0.41734620928764343,-1.698069453239441,-0.4571836292743683,0.42052608728408813,-0.9000044465065002,-0.11467251926660538,0.5980519652366638,-1.2620880603790283,-0.2178293913602829,0.7315781712532043,-1.481874704360962,-0.3267514705657959,0.8458681106567383,-1.6595251560211182,-0.4193529784679413,0.6261323690414429,-0.7770369648933411,-0.1523192822933197,0.8939404487609863,-1.0765718221664429,-0.26809051632881165,1.079643726348877,-1.264747142791748,-0.3864573836326599,1.2372108697891235,-1.4268954992294312,-0.47708776593208313,0.7788230776786804,-0.6014800667762756,-0.21434742212295532,1.0688471794128418,-0.7877826690673828,-0.3213040828704834,1.263848066329956,-0.9148136973381042,-0.4021320343017578,1.4450043439865112,-1.0383555889129639,-0.46767085790634155,paper
0.0,0.0,0.0,-0.25867483019828796,-0.2913464903831482,-0.22032979130744934,-0.4198058545589447,-0.6482675671577454,-0.3296477496623993,-0.5264127254486084,-0.9462934732437134,-0.4272799491882324,-0.6198160648345947,-1.177182912826538,-0.5230175852775574,0.13906559348106384,-0.9414547085762024,-0.12742942571640015,0.23273113369941711,-1.287041187286377,-0.24967044591903687,0.3084093928337097,-1.4990346431732178,-0.3704642355442047,0.3838112950325012,-1.6866731643676758,-0.46954166889190674,0.41083914041519165,-0.9027864336967468,-0.12723109126091003,0.5820739269256592,-1.2641029357910156,-0.23783305287361145,0.7111647129058838,-1.4839184284210205,-0.3491487205028534,0.8251899480819702,-1.6630512475967407,-0.44297048449516296,0.6131431460380554,-0.7820282578468323,-0.16507646441459656,0.8799921870231628,-1.0829423666000366,-0.29062414169311523,1.0632579326629639,-1.2722018957138062,-0.4119780361652374,1.2197190523147583,-1.4348034858703613,-0.5037696361541748,0.762340247631073,-0.6067618131637573,-0.2256350815296173,1.0501939058303833,-0.7905431389808655,-0.34151288866996765,1.2469279766082764,-0.9160397052764893,-0.4255405068397522,1.4291014671325684,-1.0385099649429321,-0.4927762746810913,paper
0.0,0.0,0.0,-0.2562236785888672,-0.2922137379646301,-0.2167743295431137,-0.41297900676727295,-0.6483365297317505,-0.3249591588973999,-0.5162656903266907,-0.9419689774513245,-0.42196130752563477,-0.6138545870780945,-1.1689902544021606,-0.5163249969482422,0.14173036813735962,-0.9404821395874023,-0.1295451521873474,0.23407714068889618,-1.2828189134597778,-0.25080034136772156,0.30991438031196594,-1.4915285110473633,-0.3686794638633728,0.38533279299736023,-1.6780182123184204,-0.4657503664493561,0.41003626585006714,-0.9026111960411072,-0.13100892305374146,0.5764485001564026,-1.2594401836395264,-0.24355944991111755,0.7007656097412109,-1.4749269485473633,-0.3528479039669037,0.8117213845252991,-1.6514962911605835,-0.44424086809158325,0.6119449138641357,-0.7833600044250488,-0.1695873886346817,0.8717859983444214,-1.0819320678710938,-0.2983245849609375,1.0497123003005981,-1.2693758010864258,-0.4180195927619934,1.2030428647994995,-1.4318695068359375,-0.5069727897644043,0.7619783282279968,-0.6087813377380371,-0.2305074781179428,1.054097294807434,-0.7881709337234497,-0.34783753752708435,1.2522045373916626,-0.9116055369377136,-0.4315345585346222,1.4345871210098267,-1.0335545539855957,-0.49762871861457825,paper
0.0,0.0,0.0,-0.25336089730262756,-0.29095593094825745,-0.22350777685642242,-0.41450291872024536,-0.6393377780914307,-0.33878451585769653,-0.5239256024360657,-0.9412717223167419,-0.4424474239349365,-0.6252009272575378,-1.1720830202102661,-0.5427295565605164,0.13863234221935272,-0.9391226768493652,-0.13825662434101105,0.2353472113609314,-1.2878475189208984,-0.26337572932243347,0.314747154712677,-1.505831241607666,-0.3822071850299835,0.39725857973098755,-1.6950230598449707,-0.47923535108566284,0.411043643951416,-0.9013336300849915,-0.13653136789798737,0.5799421072006226,-1.2585333585739136,-0.25004690885543823,0.7087587714195251,-1.478243350982666,-0.35605376958847046,0.8204302191734314,-1.65575110912323,-0.44470855593681335,0.6179637908935547,-0.7810491323471069,-0.17304903268814087,0.8855193853378296,-1.0753318071365356,-0.30233773589134216,1.0703037977218628,-1.2631949186325073,-0.420353502035141,1.2249165773391724,-1.4243217706680298,-0.5075947046279907,0.7730455994606018,-0.6060754656791687,-0.23270300030708313,1.0774301290512085,-0.7762637138366699,-0.3518149256706238,1.283005714416504,-0.8941829800605774,-0.4368138313293457,1.4683336019515991,-1.010420560836792,-0.5027869343757629,paper
0.0,0.0,0.0,-0.26102709770202637,-0.28701308369636536,-0.21837890148162842,-0.422783225774765,-0.6377600431442261,-0.330365926027298,-0.532899796962738,-0.9323270320892334,-0.43065810203552246,-0.6277646422386169,-1.1604846715927124,-0.5279963612556458,0.13051216304302216,-0.9406828880310059,-0.13881976902484894,0.22284650802612305,-1.2814596891403198,-0.26454225182533264,0.29698026180267334,-1.493585228919983,-0.3836715817451477,0.3728393316268921,-1.6807491779327393,-0.4806976318359375,0.4027377963066101,-0.9045529365539551,-0.1399511843919754,0.5691092014312744,-1.2593623399734497,-0.25348177552223206,0.6905167698860168,-1.4762868881225586,-0.3586914837360382,0.7952559590339661,-1.6526575088500977,-0.44650763273239136,0.6081819534301758,-0.7836804986000061,-0.1782744824886322,0.8728865385055542,-1.0771082639694214,-0.3076944649219513,1.051903486251831,-1.2642865180969238,-0.4223617911338806,1.2044850587844849,-1.426572322845459,-0.5073865652084351,0.7600100040435791,-0.6074993014335632,-0.23906424641609192,1.0605063438415527,-0.7810603380203247,-0.35896793007850647,1.2643609046936035,-0.8994638323783875,-0.44090816378593445,1.4502421617507935,-1.016681432723999,-0.5041660070419312,paper
0.0,0.0,0.0,-0.2502700984477997,-0.28342971205711365,-0.22376030683517456,-0.4158116579055786,-0.6343105435371399,-0.3389976918697357,-0.5324549078941345,-0.9344027042388916,-0.4409506618976593,-0.6356393694877625,-1.1638696193695068,-0.5394102931022644,0.1295827031135559,-0.9412771463394165,-0.1450262814760208,0.22411774098873138,-1.2844797372817993,-0.26885321736335754,0.3015233874320984,-1.4961439371109009,-0.3864176869392395,0.37979844212532043,-1.6837254762649536,-0.4830838739871979,0.40414342284202576,-0.9035491347312927,-0.1423627734184265,0.5746835470199585,-1.2603514194488525,-0.25448718667030334,0.7035128474235535,-1.4773896932601929,-0.3597860038280487,0.8167830109596252,-1.6553477048873901,-0.4492119550704956,0.6128802299499512,-0.7808504700660706,-0.17663517594337463,0.8794236183166504,-1.0791064500808716,-0.3049446940422058,1.067530870437622,-1.2672957181930542,-0.4197157919406891,1.2286163568496704,-1.4317035675048828,-0.5061385631561279,0.769743800163269,-0.6018297672271729,-0.23339055478572845,1.0689690113067627,-0.7758839726448059,-0.34908947348594666,1.272940754890442,-0.8937469124794006,-0.42807093262672424,1.4582511186599731,-1.0121312141418457,-0.4910382628440857,paper
0.0,0.0,0.0,-0.26430127024650574,-0.2878280580043793,-0.2226296067237854,-0.43090590834617615,-0.6407763361930847,-0.33517101407051086,-0.5451430082321167,-0.9395928978919983,-0.43507155776023865,-0.6378259062767029,-1.1691621541976929,-0.531696617603302,0.12406455725431442,-0.9418772459030151,-0.14397768676280975,0.21848227083683014,-1.2876088619232178,-0.2676129639148712,0.2956967353820801,-1.5017682313919067,-0.3842048943042755,0.374817818403244,-1.688081979751587,-0.4799281358718872,0.39915040135383606,-0.9059357643127441,-0.1412772685289383,0.5665358304977417,-1.263122320175171,-0.25182396173477173,0.6931478381156921,-1.4799389839172363,-0.3543853163719177,0.8002874851226807,-1.653242826461792,-0.4415232241153717,0.6085293889045715,-0.785463273525238,-0.17633600533008575,0.8715929388999939,-1.081932544708252,-0.30473068356513977,1.054302453994751,-1.2703063488006592,-0.4218817353248596,1.2078065872192383,-1.4321266412734985,-0.5097414255142212,0.7637327909469604,-0.6099200248718262,-0.23408643901348114,1.0655064582824707,-0.7806977033615112,-0.35612979531288147,1.2700576782226562,-0.8972668051719666,-0.4429216682910919,1.4552505016326904,-1.0131537914276123,-0.5104216933250427,paper
0.0,0.0,0.0,-0.2590622007846832,-0.2863644063472748,-0.22279688715934753,-0.42312902212142944,-0.6357835531234741,-0.33578842878341675,-0.5358288288116455,-0.9328954219818115,-0.4367971420288086,-0.6368963718414307,-1.1589680910110474,-0.534928023815155,0.1292775273323059,-0.9405136704444885,-0.1398230344057083,0.21839678287506104,-1.2846266031265259,-0.26297956705093384,0.2934092879295349,-1.5004392862319946,-0.38058993220329285,0.3709379732608795,-1.688559889793396,-0.47735652327537537,0.4033723473548889,-0.9044187068939209,-0.13898757100105286,0.5651996731758118,-1.2603516578674316,-0.25060543417930603,0.6874515414237976,-1.4787625074386597,-0.35453614592552185,0.7905460000038147,-1.6543477773666382,-0.4421728849411011,0.6117671132087708,-0.7846290469169617,-0.1763780564069748,0.8729110956192017,-1.0772175788879395,-0.30528271198272705,1.054365873336792,-1.2688698768615723,-0.42416495084762573,1.2070951461791992,-1.433256983757019,-0.5127401947975159,0.7672833800315857,-0.6097761392593384,-0.23675943911075592,1.0697755813598633,-0.7814933061599731,-0.3567797541618347,1.2738678455352783,-0.8999273777008057,-0.4427807033061981,1.4584004878997803,-1.0165213346481323,-0.5101275444030762,paper
0.0,0.0,0.0,-0.27156364917755127,-0.2872317135334015,-0.21949589252471924,-0.44088077545166016,-0.6371334195137024,-0.331813246011734,-0.5577747821807861,-0.9322768449783325,-0.4321555197238922,-0.6528459787368774,-1.1624091863632202,-0.5297645926475525,0.11434996873140335,-0.9447012543678284,-0.13815297186374664,0.20456485450267792,-1.2891548871994019,-0.2620164155960083,0.27631664276123047,-1.500618577003479,-0.38053858280181885,0.34926190972328186,-1.6869269609451294,-0.47729045152664185,0.39078256487846375,-0.9101502895355225,-0.13753372430801392,0.5557228922843933,-1.269689917564392,-0.2477346509695053,0.6795759201049805,-1.4873239994049072,-0.353564590215683,0.7871405482292175,-1.6637036800384521,-0.44338083267211914,0.6014347076416016,-0.7898362874984741,-0.17452698945999146,0.8658545613288879,-1.0853731632232666,-0.3029351830482483,1.0504248142242432,-1.2749100923538208,-0.4240800738334656,1.2070170640945435,-1.4386699199676514,-0.5153400897979736,0.7578776478767395,-0.6140075922012329,-0.23356832563877106,1.0601168870925903,-0.7828553915023804,-0.3538301885128021,1.2643582820892334,-0.8982479572296143,-0.440358430147171,1.45095956325531,-1.0129101276397705,-0.5085043907165527,paper
0.0,0.0,0.0,-0.2732924818992615,-0.2873322367668152,-0.2172088921070099,-0.44508108496665955,-0.6407096982002258,-0.3265056610107422,-0.561497151851654,-0.9358614683151245,-0.4250295162200928,-0.6593000292778015,-1.1617153882980347,-0.5208093523979187,0.11192542314529419,-0.9452741742134094,-0.13142883777618408,0.20064008235931396,-1.2931602001190186,-0.25285205245018005,0.27551761269569397,-1.5090277194976807,-0.3693075478076935,0.3534081280231476,-1.6972641944885254,-0.4657387137413025,0.3887018859386444,-0.9115487933158875,-0.13412535190582275,0.5511799454689026,-1.271430253982544,-0.24535557627677917,0.6759421229362488,-1.4927483797073364,-0.3520248532295227,0.782443106174469,-1.6711786985397339,-0.4420926570892334,0.6016852855682373,-0.7931108474731445,-0.17487071454524994,0.8647076487541199,-1.0894805192947388,-0.30412372946739197,1.047115683555603,-1.2818280458450317,-0.42609474062919617,1.2012821435928345,-1.4475529193878174,-0.5175583958625793,0.7628772258758545,-0.6180195212364197,-0.23796670138835907,1.0643789768218994,-0.7904618978500366,-0.3589172661304474,1.268543004989624,-0.9085618257522583,-0.4465617537498474,1.4540396928787231,-1.026382565498352,-0.5154896974563599,paper
0.0,0.0,0.0,-0.2614399790763855,-0.2875188887119293,-0.22179940342903137,-0.4320892095565796,-0.6356468200683594,-0.3372367024421692,-0.5496293902397156,-0.929850161075592,-0.4412459135055542,-0.6469086408615112,-1.157563328742981,-0.5419895052909851,0.12035418301820755,-0.9433329105377197,-0.14112623035907745,0.2086232453584671,-1.287590503692627,-0.2670708894729614,0.28177937865257263,-1.5018701553344727,-0.3862169086933136,0.35530269145965576,-1.688987374305725,-0.4834177494049072,0.3933621346950531,-0.9085395336151123,-0.1407913863658905,0.5545833706855774,-1.2635234594345093,-0.2544949948787689,0.6746748685836792,-1.4808976650238037,-0.3593972325325012,0.7752089500427246,-1.6581238508224487,-0.4476655423641205,0.6026989817619324,-0.7901892066001892,-0.17836959660053253,0.8654810190200806,-1.083924412727356,-0.3082246482372284,1.0460751056671143,-1.2712382078170776,-0.42380061745643616,1.1969075202941895,-1.4336082935333252,-0.5099474191665649,0.7592902183532715,-0.6162635684013367,-0.2388332337141037,1.0609256029129028,-0.7845972180366516,-0.3590681552886963,1.2655421495437622,-0.8999733328819275,-0.4425084888935089,1.4500609636306763,-1.0147403478622437,-0.507334291934967,paper
0.0,0.0,0.0,-0.2652868926525116,-0.28936800360679626,-0.20219171047210693,-0.43639346957206726,-0.6394666433334351,-0.31000620126724243,-0.5563936829566956,-0.9322589635848999,-0.4091503918170929,-0.6581261157989502,-1.160577654838562,-0.5054097771644592,0.11301945894956589,-0.9461089968681335,-0.1214960440993309,0.20036812126636505,-1.2874573469161987,-0.24438178539276123,0.2690970301628113,-1.4967236518859863,-0.3624201714992523,0.34149810671806335,-1.6827583312988281,-0.45907431840896606,0.3876870572566986,-0.9123857617378235,-0.13134312629699707,0.5496799349784851,-1.2747310400009155,-0.2424338012933731,0.6727302074432373,-1.4918475151062012,-0.3487035036087036,0.781377375125885,-1.6689282655715942,-0.4380411207675934,0.6008786559104919,-0.7910894155502319,-0.17729972302913666,0.8634409308433533,-1.0909231901168823,-0.3065885901451111,1.0493894815444946,-1.2801909446716309,-0.42370715737342834,1.2062710523605347,-1.4445031881332397,-0.5111756324768066,0.7640330195426941,-0.6127990484237671,-0.2438088357448578,1.0685940980911255,-0.7853549122810364,-0.3614043593406677,1.2732319831848145,-0.9019986987113953,-0.4409776031970978,1.4570436477661133,-1.0197176933288574,-0.5036094188690186,paper
0.0,0.0,0.0,-0.265935480594635,-0.28662508726119995,-0.20601427555084229,-0.4353356957435608,-0.6423932313919067,-0.31232425570487976,-0.5626373291015625,-0.945215106010437,-0.40909543633461,-0.6676793098449707,-1.1774653196334839,-0.5032286047935486,0.10775049030780792,-0.9459768533706665,-0.1252082884311676,0.19461487233638763,-1.291048288345337,-0.24933552742004395,0.26323065161705017,-1.5029006004333496,-0.36743834614753723,0.33531761169433594,-1.691460132598877,-0.46453800797462463,0.3851011097431183,-0.9134320020675659,-0.13167795538902283,0.5425925850868225,-1.2737584114074707,-0.244548037648201,0.6640458106994629,-1.4928017854690552,-0.3510015606880188,0.7699017524719238,-1.6720491647720337,-0.44094839692115784,0.6002643704414368,-0.7918378710746765,-0.17473001778125763,0.864414393901825,-1.0880446434020996,-0.30693498253822327,1.0509854555130005,-1.2809306383132935,-0.42678505182266235,1.2070621252059937,-1.4479869604110718,-0.5159987807273865,0.7597426772117615,-0.614019513130188,-0.2384190559387207,1.0611886978149414,-0.784760594367981,-0.3602146804332733,1.2645010948181152,-0.9018915891647339,-0.4439789950847626,1.4467382431030273,-1.0187417268753052,-0.5095196962356567,paper
0.0,0.0,0.0,-0.27429187297821045,-0.29218238592147827,-0.2391812652349472,-0.445671409368515,-0.6432706713676453,-0.3567308485507965,-0.5644311308860779,-0.9398901462554932,-0.45981931686401367,-0.6641278862953186,-1.1720311641693115,-0.5600742697715759,0.10648036748170853,-0.9446635842323303,-0.14941588044166565,0.1869557946920395,-1.289660930633545,-0.27524328231811523,0.25422564148902893,-1.505041241645813,-0.3966961205005646,0.3237845301628113,-1.6964117288589478,-0.4970245361328125,0.386379212141037,-0.9115198254585266,-0.1408638060092926,0.5359376668930054,-1.2688047885894775,-0.2561974823474884,0.6511173844337463,-1.4889062643051147,-0.36855390667915344,0.7498582601547241,-1.6701899766921997,-0.46415477991104126,0.5997711420059204,-0.7956741452217102,-0.17212645709514618,0.8542053699493408,-1.0884530544281006,-0.3059999644756317,1.0322834253311157,-1.278283953666687,-0.43340516090393066,1.1843599081039429,-1.4432024955749512,-0.5285842418670654,0.7598851919174194,-0.6245815753936768,-0.2273855060338974,1.060722827911377,-0.7949264049530029,-0.3515922427177429,1.2666019201278687,-0.9113632440567017,-0.44452837109565735,1.4554767608642578,-1.0277154445648193,-0.5181699395179749,paper
0.0,0.0,0.0,-0.27829286456108093,-0.29179906845092773,-0.22596801817417145,-0.4629564881324768,-0.6426773071289062,-0.33971431851387024,-0.5897091031074524,-0.9383795261383057,-0.44213590025901794,-0.6916731595993042,-1.1669672727584839,-0.5419664978981018,0.0977637991309166,-0.948841392993927,-0.13232927024364471,0.17390868067741394,-1.2983636856079102,-0.25154009461402893,0.2383529543876648,-1.514963984489441,-0.3695354461669922,0.308887243270874,-1.7069675922393799,-0.46931055188179016,0.3712838888168335,-0.9190506339073181,-0.13226573169231415,0.5119288563728333,-1.282165288925171,-0.24489052593708038,0.6173123121261597,-1.5088692903518677,-0.3579954206943512,0.7081987261772156,-1.6958253383636475,-0.45434775948524475,0.5826413035392761,-0.8047691583633423,-0.17126387357711792,0.8339264392852783,-1.106345295906067,-0.3034796416759491,1.01008939743042,-1.3019877672195435,-0.43176916241645813,1.1621958017349243,-1.4711670875549316,-0.5285604000091553,0.741809606552124,-0.633449912071228,-0.2333655059337616,1.040379524230957,-0.806758463382721,-0.35922062397003174,1.2449778318405151,-0.9279173612594604,-0.4538572430610657,1.434431552886963,-1.0497894287109375,-0.528910219669342,paper
0.0,0.0,0.0,-0.26609891653060913,-0.28622645139694214,-0.2233242392539978,-0.4458082616329193,-0.6352313756942749,-0.3370053172111511,-0.5721285343170166,-0.9306686520576477,-0.43915289640426636,-0.6809021830558777,-1.1584510803222656,-0.5381512641906738,0.10193121433258057,-0.9470397233963013,-0.12941989302635193,0.17594318091869354,-1.2901232242584229,-0.24781204760074615,0.23995830118656158,-1.5046560764312744,-0.3655211329460144,0.3076380491256714,-1.6952266693115234,-0.46534663438796997,0.3742355704307556,-0.9181056618690491,-0.13049809634685516,0.5173681378364563,-1.2829822301864624,-0.24352604150772095,0.6240720152854919,-1.5037592649459839,-0.3557594120502472,0.7170913219451904,-1.6869292259216309,-0.45111536979675293,0.5833773612976074,-0.8038871884346008,-0.16967405378818512,0.8380049467086792,-1.1075853109359741,-0.3029285669326782,1.0162720680236816,-1.299631118774414,-0.42742931842803955,1.1698118448257446,-1.4662519693374634,-0.5206408500671387,0.7429205179214478,-0.6310855746269226,-0.23137174546718597,1.042825698852539,-0.8057990670204163,-0.35429465770721436,1.2474538087844849,-0.9265024662017822,-0.44295525550842285,1.4344426393508911,-1.0474313497543335,-0.513605535030365,paper
0.0,0.0,0.0,-0.27570903301239014,-0.28892844915390015,-0.22275178134441376,-0.4607534408569336,-0.642543613910675,-0.3368466794490814,-0.5983961820602417,-0.9412320256233215,-0.43986809253692627,-0.7080391049385071,-1.1714110374450684,-0.5401375889778137,0.09083280712366104,-0.9517900347709656,-0.1286512166261673,0.1636676788330078,-1.2972482442855835,-0.24608373641967773,0.22703000903129578,-1.513648271560669,-0.3634171783924103,0.28991544246673584,-1.7056035995483398,-0.4627257287502289,0.3664785623550415,-0.9211363196372986,-0.13115361332893372,0.509739339351654,-1.2892900705337524,-0.24094583094120026,0.6176450252532959,-1.510832667350769,-0.3525264859199524,0.7070181369781494,-1.6922938823699951,-0.4485841989517212,0.5793846249580383,-0.8056217432022095,-0.171964630484581,0.8312453031539917,-1.1127991676330566,-0.3011097013950348,1.0113784074783325,-1.3057751655578613,-0.42581692337989807,1.1649270057678223,-1.474003791809082,-0.5205888748168945,0.7416507005691528,-0.6330563426017761,-0.2354099005460739,1.0364645719528198,-0.8146884441375732,-0.35481271147727966,1.23835027217865,-0.9397634267807007,-0.44243428111076355,1.4211746454238892,-1.0650691986083984,-0.5133541226387024,paper
0.0,0.0,0.0,-0.274153470993042,-0.28669461607933044,-0.22102704644203186,-0.45547884702682495,-0.64182448387146,-0.33228111267089844,-0.5868942737579346,-0.9405102133750916,-0.4316158592700958,-0.6951195001602173,-1.1677964925765991,-0.5283073782920837,0.09671115130186081,-0.9471916556358337,-0.13505123555660248,0.16879718005657196,-1.2937709093093872,-0.2536751925945282,0.2320084273815155,-1.510459065437317,-0.37031885981559753,0.2978146970272064,-1.703202486038208,-0.4691231846809387,0.3719789981842041,-0.9180749654769897,-0.13700354099273682,0.5109916925430298,-1.2855134010314941,-0.24973776936531067,0.6166498064994812,-1.5101318359375,-0.3613259792327881,0.7074530720710754,-1.6952022314071655,-0.45632264018058777,0.5838918089866638,-0.8034289479255676,-0.1761745810508728,0.8366235494613647,-1.108620285987854,-0.3087502717971802,1.0152350664138794,-1.3041850328445435,-0.43350517749786377,1.1681386232376099,-1.4748276472091675,-0.5272747278213501,0.7441045045852661,-0.6318559646606445,-0.23740386962890625,1.039598822593689,-0.8121384978294373,-0.3614383637905121,1.240755319595337,-0.9373345375061035,-0.45046377182006836,1.424111008644104,-1.062644362449646,-0.5211601853370667,paper
0.0,0.0,0.0,-0.2772507667541504,-0.2873438894748688,-0.2386729121208191,-0.468351811170578,-0.6398565769195557,-0.3578244745731354,-0.604390561580658,-0.9419167637825012,-0.4632039964199066,-0.7063608765602112,-1.1791025400161743,-0.5658177137374878,0.08484368771314621,-0.9541707634925842,-0.13512243330478668,0.15910053253173828,-1.304176688194275,-0.25084224343299866,0.2250208705663681,-1.5199506282806396,-0.3686569333076477,0.29144594073295593,-1.7113136053085327,-0.4688553810119629,0.3609154522418976,-0.9235888123512268,-0.1293209344148636,0.5096749067306519,-1.2935248613357544,-0.2367050051689148,0.6174915432929993,-1.514966607093811,-0.3508259057998657,0.7041086554527283,-1.6968090534210205,-0.45016804337501526,0.5744547247886658,-0.8101484775543213,-0.1636076718568802,0.8315010666847229,-1.1165916919708252,-0.2891460657119751,1.0136853456497192,-1.3086062669754028,-0.4178689420223236,1.1692732572555542,-1.475904941558838,-0.517331063747406,0.7379003167152405,-0.6402774453163147,-0.22214257717132568,1.0304670333862305,-0.8245975375175476,-0.33934104442596436,1.230959177017212,-0.9493036270141602,-0.4303084909915924,1.4141234159469604,-1.073293685913086,-0.5052260160446167,paper
0.0,0.0,0.0,-0.27964356541633606,-0.28631946444511414,-0.23411324620246887,-0.4706452488899231,-0.639267086982727,-0.3531743586063385,-0.6103100180625916,-0.9415929913520813,-0.45868971943855286,-0.7201833724975586,-1.1724824905395508,-0.5605894923210144,0.08389193564653397,-0.9519587159156799,-0.1422755867242813,0.1568751186132431,-1.3044700622558594,-0.26182276010513306,0.22266097366809845,-1.5219438076019287,-0.3789413869380951,0.2899443507194519,-1.7125113010406494,-0.4776637554168701,0.3583639860153198,-0.9233608841896057,-0.13776759803295135,0.5021029114723206,-1.2943933010101318,-0.24933508038520813,0.6116609573364258,-1.5166668891906738,-0.35976412892341614,0.7053542733192444,-1.6978965997695923,-0.4550796151161194,0.5704900026321411,-0.8100406527519226,-0.17224930226802826,0.8241367340087891,-1.1162956953048706,-0.3010541498661041,1.0069459676742554,-1.3069570064544678,-0.4248743951320648,1.1642721891403198,-1.4727054834365845,-0.519442617893219,0.7330746054649353,-0.6399182081222534,-0.2305612564086914,1.0277067422866821,-0.8220295310020447,-0.34962689876556396,1.2271792888641357,-0.9478580951690674,-0.43845251202583313,1.409382700920105,-1.0734798908233643,-0.5105995535850525,paper
0.0,0.0,0.0,-0.24459582567214966,-0.37687841057777405,-0.2080022096633911,-0.3326290547847748,-0.7937686443328857,-0.3258858919143677,-0.012381003238260746,-1.0782437324523926,-0.4561518728733063,0.39760681986808777,-1.1046185493469238,-0.5233004093170166,-0.031473878771066666,-1.0661085844039917,0.05342433229088783,0.08701211214065552,-1.3631280660629272,-0.2963089942932129,-0.05263468995690346,-1.045283555984497,-0.4736860394477844,-0.04123346507549286,-0.908125638961792,-0.5403133630752563,0.2419624775648117,-0.9696901440620422,0.033989518880844116,0.40065065026283264,-1.27913236618042,-0.32164597511291504,0.18508346378803253,-0.9371857643127441,-0.3800637722015381,0.17927607893943787,-0.8671032786369324,-0.3298957943916321,0.5042394995689392,-0.837271511554718,-0.05660809949040413,0.6107867956161499,-1.0879404544830322,-0.4219735562801361,0.3328864276409149,-0.7620300650596619,-0.32479000091552734,0.30852192640304565,-0.6869190335273743,-0.15584143996238708,0.7473503351211548,-0.6704596281051636,-0.1706329584121704,0.7443026304244995,-0.8482044339179993,-0.3530084192752838,0.5305854082107544,-0.6422075033187866,-0.261901319026947,0.5087372064590454,-0.5631208419799805,-0.13995502889156342,rock
0.0,0.0,0.0,-0.2734218239784241,-0.4109664559364319,-0.17214813828468323,-0.39905959367752075,-0.8138059973716736,-0.2425161451101303,-0.09886443614959717,-1.089056372642517,-0.33292412757873535,0.29677799344062805,-1.0959389209747314,-0.3571033477783203,-0.09840255230665207,-1.0722203254699707,0.2028709501028061,0.04632612690329552,-1.3490185737609863,-0.11564100533723831,-0.053110599517822266,-1.0410038232803345,-0.3097941279411316,-0.05712614580988884,-0.9160491824150085,-0.3865322768688202,0.17434079945087433,-0.9660041928291321,0.19089552760124207,0.3479726314544678,-1.238830804824829,-0.13727599382400513,0.17027243971824646,-0.8865664005279541,-0.24721050262451172,0.1338863968849182,-0.8270055651664734,-0.23371779918670654,0.4465799033641815,-0.8498846292495728,0.10655546933412552,0.6005183458328247,-1.0779021978378296,-0.2170017808675766,0.35510632395744324,-0.7526039481163025,-0.16651980578899384,0.2880503535270691,-0.6817066669464111,-0.029493439942598343,0.7016632556915283,-0.7178385853767395,0.0005121880094520748,0.7634469866752625,-0.8722862601280212,-0.13372035324573517,0.5690314173698425,-0.6777524352073669,-0.052330441772937775,0.5059711337089539,-0.6092087030410767,0.061866067349910736,rock
0.0,0.0,0.0,-0.28239214420318604,-0.3883557617664337,-0.1603718400001526,-0.42539796233177185,-0.8111532926559448,-0.23834924399852753,-0.111592136323452,-1.0973864793777466,-0.3333023488521576,0.3042359948158264,-1.09992253780365,-0.36663392186164856,-0.12950900197029114,-1.0758801698684692,0.11308896541595459,0.0163367111235857,-1.3803540468215942,-0.18927808105945587,-0.0782119482755661,-1.0547775030136108,-0.3558739721775055,-0.09574191272258759,-0.9090984463691711,-0.41958218812942505,0.16123640537261963,-0.9823009967803955,0.09532828629016876,0.3344067335128784,-1.2774791717529297,-0.19277405738830566,0.1707269847393036,-0.9173139929771423,-0.25459545850753784,0.1173531711101532,-0.8374712467193604,-0.2250603586435318,0.4390206038951874,-0.8656231760978699,0.013724290765821934,0.5911697745323181,-1.0917927026748657,-0.2780400514602661,0.3627534508705139,-0.7671076655387878,-0.19321678578853607,0.27446281909942627,-0.6756492257118225,-0.0496545247733593,0.6924341917037964,-0.720156192779541,-0.08813008666038513,0.7797583937644958,-0.9042098522186279,-0.2174760401248932,0.5946094393730164,-0.7015920877456665,-0.1217920109629631,0.511695146560669,-0.6105886101722717,-0.005528608337044716,rock
0.0,0.0,0.0,-0.2757318615913391,-0.38268256187438965,-0.1744093894958496,-0.41403746604919434,-0.8034110069274902,-0.2594873309135437,-0.1061043068766594,-1.093888759613037,-0.3588092029094696,0.3036198318004608,-1.1018478870391846,-0.393398255109787,-0.10494982451200485,-1.0764445066452026,0.104288749396801,0.0456782802939415,-1.3684642314910889,-0.20948132872581482,-0.05537363141775131,-1.0455056428909302,-0.38114675879478455,-0.06680720299482346,-0.9157365560531616,-0.4480237066745758,0.17841222882270813,-0.9797795414924622,0.09056029468774796,0.34606269001960754,-1.2531424760818481,-0.20818248391151428,0.17205068469047546,-0.8945225477218628,-0.2681570053100586,0.1294536590576172,-0.8374505639076233,-0.2366851270198822,0.4500355124473572,-0.8597500324249268,0.009962615557014942,0.6081213355064392,-1.080065131187439,-0.3008975386619568,0.3683394491672516,-0.7503402233123779,-0.21271266043186188,0.2886892259120941,-0.6716268658638,-0.06352542340755463,0.7003854513168335,-0.7110991477966309,-0.09181714802980423,0.7809685468673706,-0.8805861473083496,-0.23976436257362366,0.5883598327636719,-0.6745439171791077,-0.14739809930324554,0.5122823119163513,-0.5927494764328003,-0.029606852680444717,rock
0.0,0.0,0.0,-0.26701024174690247,-0.3766930401325226,-0.15837660431861877,-0.4000351130962372,-0.805288553237915,-0.23762178421020508,-0.09047522395849228,-1.0924458503723145,-0.3363233506679535,0.3126167356967926,-1.0601224899291992,-0.37526625394821167,-0.07355912774801254,-1.074660062789917,0.11265528202056885,0.07576065510511398,-1.3533235788345337,-0.18584442138671875,-0.04570751264691353,-1.0384806394577026,-0.345910906791687,-0.06795769184827805,-0.9092589616775513,-0.4070187509059906,0.19921407103538513,-0.9758735299110413,0.08935686945915222,0.36492231488227844,-1.2421939373016357,-0.20250304043293,0.1813928335905075,-0.8926332592964172,-0.2575059235095978,0.13199463486671448,-0.8294857740402222,-0.2222817987203598,0.4661366045475006,-0.8521677851676941,0.0019099926576018333,0.6111388802528381,-1.0675801038742065,-0.3006681799888611,0.3662770390510559,-0.7426099181175232,-0.21633151173591614,0.2790795564651489,-0.6606520414352417,-0.07057294249534607,0.7110887169837952,-0.7003524899482727,-0.10541504621505737,0.7823436856269836,-0.8711854815483093,-0.2431972473859787,0.5827164649963379,-0.6674683094024658,-0.1505490243434906,0.5010591745376587,-0.5816717147827148,-0.0350051112473011,rock
0.0,0.0,0.0,-0.2544615566730499,-0.3875899314880371,-0.16124209761619568,-0.3898972272872925,-0.8136858344078064,-0.2388797551393509,-0.10140533000230789,-1.1170151233673096,-0.33527034521102905,0.29880911111831665,-1.0960986614227295,-0.3688342869281769,-0.08020886033773422,-1.077724814414978,0.1274760514497757,0.08629071712493896,-1.356832504272461,-0.16820980608463287,-0.038957420736551285,-1.0339969396591187,-0.3302353024482727,-0.053219158202409744,-0.9255762696266174,-0.39715686440467834,0.19207829236984253,-0.9753797650337219,0.10835172235965729,0.3758719265460968,-1.2408212423324585,-0.18495747447013855,0.18828564882278442,-0.883651077747345,-0.24412904679775238,0.14147305488586426,-0.8406164646148682,-0.2129674106836319,0.45861679315567017,-0.8568804860115051,0.02360871620476246,0.6131137013435364,-1.0744342803955078,-0.26985570788383484,0.3716743588447571,-0.7494969964027405,-0.18503937125205994,0.2918459177017212,-0.6891701221466064,-0.042847346514463425,0.7062358856201172,-0.7163440585136414,-0.08210430294275284,0.7827779650688171,-0.8787673711776733,-0.20270900428295135,0.5898540616035461,-0.6783602833747864,-0.10764236003160477,0.513756513595581,-0.6121883392333984,0.004660083446651697,rock
0.0,0.0,0.0,-0.25527119636535645,-0.3921543061733246,-0.1523129642009735,-0.3794916570186615,-0.8078357577323914,-0.21810701489448547,-0.07602221518754959,-1.091862678527832,-0.30402323603630066,0.3182114064693451,-1.0618493556976318,-0.32909679412841797,-0.06868240237236023,-1.0722829103469849,0.1598442792892456,0.0893557220697403,-1.3455995321273804,-0.13159824907779694,-0.03530927002429962,-1.0315524339675903,-0.3006414473056793,-0.06116938963532448,-0.9070109128952026,-0.36789625883102417,0.20218811929225922,-0.969026505947113,0.1418016403913498,0.3716251850128174,-1.2284547090530396,-0.14558035135269165,0.1886928379535675,-0.8805382251739502,-0.21928176283836365,0.13814131915569305,-0.8212854862213135,-0.19554109871387482,0.4685966968536377,-0.8479472994804382,0.058525167405605316,0.6075353622436523,-1.0534528493881226,-0.22982704639434814,0.36776089668273926,-0.7369139194488525,-0.1597764641046524,0.28649669885635376,-0.665198564529419,-0.024596596136689186,0.7112810015678406,-0.7041605710983276,-0.044666800647974014,0.7778849005699158,-0.867242157459259,-0.1616654396057129,0.5829299688339233,-0.6683769226074219,-0.06901119649410248,0.5053539276123047,-0.5879162549972534,0.044848449528217316,rock
0.0,0.0,0.0,-0.25812414288520813,-0.3903074562549591,-0.18112102150917053,-0.3887960910797119,-0.805314302444458,-0.27076390385627747,-0.09839878231287003,-1.10938560962677,-0.37804701924324036,0.30090439319610596,-1.0876622200012207,-0.4225116968154907,-0.05373464152216911,-1.078102469444275,0.13003574311733246,0.10805238783359528,-1.3450372219085693,-0.17827863991260529,-0.029905356466770172,-1.0307512283325195,-0.354453980922699,-0.04250235855579376,-0.9254710078239441,-0.4293542206287384,0.21505571901798248,-0.9695761203765869,0.11693254113197327,0.38384130597114563,-1.2232561111450195,-0.19308872520923615,0.19008837640285492,-0.8751794099807739,-0.2675071954727173,0.15155145525932312,-0.8354724049568176,-0.2438191920518875,0.4778704047203064,-0.8443818688392639,0.034911151975393295,0.628017008304596,-1.0652862787246704,-0.27505043148994446,0.37554582953453064,-0.7425714731216431,-0.19915686547756195,0.29496222734451294,-0.6826878786087036,-0.05872206762433052,0.7189876437187195,-0.7003076076507568,-0.07003004103899002,0.7866941690444946,-0.8568673729896545,-0.2014950066804886,0.5866908431053162,-0.6600466966629028,-0.11388125270605087,0.5109741687774658,-0.5943242907524109,-0.0037815289106220007,rock
0.0,0.0,0.0,-0.27190110087394714,-0.38019612431526184,-0.16963925957679749,-0.4107843339443207,-0.8058347105979919,-0.25650912523269653,-0.11362584680318832,-1.1095118522644043,-0.3575456738471985,0.2881033718585968,-1.0998858213424683,-0.3958587348461151,-0.08633339405059814,-1.0793685913085938,0.08356249332427979,0.07370906323194504,-1.3578202724456787,-0.2125261425971985,-0.05601070821285248,-1.0431631803512573,-0.3692206144332886,-0.06940965354442596,-0.9251256585121155,-0.4338131844997406,0.19232971966266632,-0.9789708852767944,0.06801001727581024,0.35919487476348877,-1.2450059652328491,-0.22032472491264343,0.16739854216575623,-0.8929885625839233,-0.26910027861595154,0.12838780879974365,-0.8387964963912964,-0.23644617199897766,0.46209463477134705,-0.8573890328407288,-0.010421643033623695,0.624926745891571,-1.0891478061676025,-0.30635449290275574,0.3720618486404419,-0.7615132331848145,-0.20879706740379333,0.28957608342170715,-0.6828257441520691,-0.06211143359541893,0.7067516446113586,-0.710219144821167,-0.11016133427619934,0.7865290641784668,-0.8797816634178162,-0.24891002476215363,0.5815505981445312,-0.6758986115455627,-0.15570281445980072,0.5018154382705688,-0.5960381627082825,-0.04363998398184776,rock
0.0,0.0,0.0,-0.2730395197868347,-0.3896540105342865,-0.17333297431468964,-0.41178572177886963,-0.8012056350708008,-0.255266398191452,-0.10787642747163773,-1.086757779121399,-0.35364219546318054,0.2941141128540039,-1.062003493309021,-0.38996753096580505,-0.08031384646892548,-1.0789896249771118,0.13183508813381195,0.05961666628718376,-1.3467847108840942,-0.1776265650987625,-0.06269630044698715,-1.0324867963790894,-0.35976850986480713,-0.07607909291982651,-0.9156153798103333,-0.4373002350330353,0.19332042336463928,-0.9741075038909912,0.11722485721111298,0.3427259922027588,-1.2265194654464722,-0.18470057845115662,0.1655309498310089,-0.8770110607147217,-0.2601204812526703,0.13231444358825684,-0.8308140635490417,-0.23925615847110748,0.46034660935401917,-0.8506636619567871,0.0346536859869957,0.5939779281616211,-1.0580501556396484,-0.26912763714790344,0.3554607033729553,-0.7386370301246643,-0.1947607845067978,0.28521281480789185,-0.6769735217094421,-0.05698562413454056,0.7042109966278076,-0.7061704397201538,-0.06995262950658798,0.771010160446167,-0.8675514459609985,-0.19944564998149872,0.5738028883934021,-0.6678134202957153,-0.10719195753335953,0.49960556626319885,-0.5959281325340271,0.006613859906792641,rock
0.0,0.0,0.0,-0.2850843071937561,-0.3942956328392029,-0.14501921832561493,-0.42692556977272034,-0.8176862597465515,-0.2175009548664093,-0.13185226917266846,-1.1146701574325562,-0.31050556898117065,0.27100661396980286,-1.1066290140151978,-0.339061439037323,-0.10944729298353195,-1.081428050994873,0.13100528717041016,0.05156509205698967,-1.379874587059021,-0.1669546663761139,-0.06921454519033432,-1.0639326572418213,-0.3294260799884796,-0.08646541833877563,-0.938831627368927,-0.39426326751708984,0.17183023691177368,-0.9793795347213745,0.10625525563955307,0.33769726753234863,-1.26328444480896,-0.1779879331588745,0.15540222823619843,-0.9099255800247192,-0.23436087369918823,0.1141221821308136,-0.8542054295539856,-0.20629708468914032,0.44781845808029175,-0.8581478595733643,0.018246402963995934,0.6168954372406006,-1.1066787242889404,-0.27190300822257996,0.3652246594429016,-0.7760217785835266,-0.17504224181175232,0.28154170513153076,-0.6918204426765442,-0.028121305629611015,0.703555703163147,-0.7097299695014954,-0.08965786546468735,0.7851372361183167,-0.8880782127380371,-0.21997739374637604,0.5773485898971558,-0.6832687854766846,-0.12210611253976822,0.49569210410118103,-0.5996578335762024,-0.006121459882706404,rock
0.0,0.0,0.0,-0.28676795959472656,-0.38369280099868774,-0.14553292095661163,-0.43046388030052185,-0.8204655647277832,-0.21855755150318146,-0.12624765932559967,-1.123441457748413,-0.3092309236526489,0.27798447012901306,-1.114263892173767,-0.3379441499710083,-0.10628283023834229,-1.0770395994186401,0.09495079517364502,0.04809952899813652,-1.3861932754516602,-0.19170333445072174,-0.06862957030534744,-1.06288480758667,-0.34538277983665466,-0.07806423306465149,-0.9353815913200378,-0.41071638464927673,0.17903846502304077,-0.9812082052230835,0.07194226235151291,0.34287649393081665,-1.2751935720443726,-0.20195330679416656,0.16133692860603333,-0.9149255752563477,-0.24634844064712524,0.11476024240255356,-0.8517568707466125,-0.21593652665615082,0.4530394673347473,-0.8637955188751221,-0.010474871844053268,0.6274606585502625,-1.1219000816345215,-0.29220739006996155,0.3780253231525421,-0.7832700610160828,-0.1874389499425888,0.2842382788658142,-0.6839873194694519,-0.04086418077349663,0.7094008922576904,-0.713550329208374,-0.11253178119659424,0.7936223149299622,-0.8998187184333801,-0.2519872188568115,0.5872462391853333,-0.6898745894432068,-0.15928135812282562,0.49777400493621826,-0.5972369313240051,-0.04852072522044182,rock
0.0,0.0,0.0,-0.2881784439086914,-0.39330264925956726,-0.17677262425422668,-0.43212762475013733,-0.8150505423545837,-0.26818808913230896,-0.12437539547681808,-1.11555016040802,-0.37719058990478516,0.2868850529193878,-1.0968554019927979,-0.4240204095840454,-0.09312993288040161,-1.0818583965301514,0.11638303846120834,0.05468949303030968,-1.371081829071045,-0.2009250670671463,-0.07097530364990234,-1.0585434436798096,-0.3823738694190979,-0.07868696004152298,-0.9283479452133179,-0.4588869512081146,0.18555882573127747,-0.9775129556655884,0.10018088668584824,0.3413846492767334,-1.2575918436050415,-0.21605928242206573,0.15911981463432312,-0.9048492312431335,-0.29003411531448364,0.12066467106342316,-0.8369818925857544,-0.2651694118976593,0.4560491442680359,-0.8557863235473633,0.01609518565237522,0.6117582321166992,-1.1012701988220215,-0.304296612739563,0.3603866398334503,-0.7701500058174133,-0.2242569923400879,0.27530568838119507,-0.6766176223754883,-0.078414686024189,0.708075225353241,-0.7069206237792969,-0.09058765321969986,0.7822461724281311,-0.8844836354255676,-0.2469351589679718,0.5741820335388184,-0.6788269281387329,-0.1666194647550583,0.4890967011451721,-0.587156355381012,-0.056617479771375656,rock
0.0,0.0,0.0,-0.27376261353492737,-0.38835880160331726,-0.16433493793010712,-0.413181871175766,-0.8097214698791504,-0.25116246938705444,-0.11565408855676651,-1.101975440979004,-0.35502368211746216,0.28495755791664124,-1.0892720222473145,-0.39650800824165344,-0.089508555829525,-1.0824792385101318,0.09310504794120789,0.06630676984786987,-1.3628941774368286,-0.2082984745502472,-0.062369219958782196,-1.0458258390426636,-0.3716098368167877,-0.07473663240671158,-0.9246123433113098,-0.43922775983810425,0.19057005643844604,-0.9789906144142151,0.07252834737300873,0.35103902220726013,-1.2447444200515747,-0.21927060186862946,0.16298353672027588,-0.8948887586593628,-0.2731839418411255,0.1253248155117035,-0.839832603931427,-0.2434355467557907,0.46148067712783813,-0.8547742962837219,-0.011485261842608452,0.6186022162437439,-1.088240623474121,-0.30786019563674927,0.36925944685935974,-0.7630701661109924,-0.21120651066303253,0.28952401876449585,-0.6837713718414307,-0.06437499076128006,0.7073542475700378,-0.7056639194488525,-0.11680474132299423,0.782667875289917,-0.880312442779541,-0.2520830035209656,0.5828647017478943,-0.6793949604034424,-0.1555274873971939,0.5076064467430115,-0.5984613299369812,-0.040611039847135544,rock
0.0,0.0,0.0,-0.2699289619922638,-0.37888970971107483,-0.16741646826267242,-0.41283097863197327,-0.8017551302909851,-0.2546105682849884,-0.10772229731082916,-1.0889695882797241,-0.3588401973247528,0.29725176095962524,-1.066747784614563,-0.4027528166770935,-0.0782703384757042,-1.0774569511413574,0.09030824154615402,0.0662468671798706,-1.3523815870285034,-0.20993345975875854,-0.061896394938230515,-1.0385923385620117,-0.3697490990161896,-0.07556002587080002,-0.9170701503753662,-0.434158056974411,0.19706295430660248,-0.9779612421989441,0.06897790729999542,0.3531513810157776,-1.2354809045791626,-0.22427834570407867,0.16684146225452423,-0.8881757855415344,-0.2758610248565674,0.1268155574798584,-0.8330400586128235,-0.24214500188827515,0.4634259343147278,-0.8543630242347717,-0.01640220917761326,0.6070796847343445,-1.0686800479888916,-0.3203771710395813,0.36143791675567627,-0.7448515892028809,-0.2288973033428192,0.28197258710861206,-0.6682040691375732,-0.08176438510417938,0.707161545753479,-0.7027263641357422,-0.1228402629494667,0.7777974009513855,-0.8712536096572876,-0.2634701430797577,0.5796903371810913,-0.6682946085929871,-0.16938015818595886,0.50422203540802,-0.5877376794815063,-0.054343629628419876,rock
0.0,0.0,0.0,-0.2614084780216217,-0.3858438730239868,-0.16635164618492126,-0.3956684172153473,-0.8008198142051697,-0.24505729973316193,-0.10989569872617722,-1.0888710021972656,-0.3406590223312378,0.2788552939891815,-1.0752263069152832,-0.3736608326435089,-0.09853927046060562,-1.0777148008346558,0.12438956648111343,0.043219372630119324,-1.3517273664474487,-0.17925584316253662,-0.06209849193692207,-1.036611557006836,-0.3504326343536377,-0.07594840973615646,-0.9166459441184998,-0.41880813241004944,0.1763460636138916,-0.9782848358154297,0.10890781879425049,0.32924214005470276,-1.2380263805389404,-0.18351101875305176,0.16168351471424103,-0.8884556889533997,-0.2505873739719391,0.12504588067531586,-0.8401490449905396,-0.22553767263889313,0.4462090730667114,-0.8572053909301758,0.027507327497005463,0.5833367109298706,-1.0704150199890137,-0.2716096341609955,0.3528759479522705,-0.7490219473838806,-0.1936832219362259,0.28068047761917114,-0.68254154920578,-0.054383534938097,0.6885213851928711,-0.7154011726379395,-0.07482533901929855,0.7580715417861938,-0.8790138363838196,-0.20728985965251923,0.5711936950683594,-0.6777967214584351,-0.11620111763477325,0.4990004301071167,-0.6004541516304016,-0.002467674668878317,rock
0.0,0.0,0.0,-0.25806915760040283,-0.3905128538608551,-0.15034960210323334,-0.38845768570899963,-0.7985900640487671,-0.22061429917812347,-0.10262297838926315,-1.0801113843917847,-0.31223171949386597,0.2848582863807678,-1.0635243654251099,-0.3425343334674835,-0.07334449887275696,-1.0765297412872314,0.15891367197036743,0.0584547258913517,-1.3426361083984375,-0.14188149571418762,-0.05588552728295326,-1.0352908372879028,-0.3158518373966217,-0.07049719989299774,-0.9160155653953552,-0.38496464490890503,0.19153733551502228,-0.9720168709754944,0.1360025703907013,0.3413752615451813,-1.229511022567749,-0.15449358522891998,0.16898836195468903,-0.8869421482086182,-0.2262798249721527,0.13643664121627808,-0.8371818661689758,-0.20230340957641602,0.45654261112213135,-0.8470617532730103,0.04701278358697891,0.5890765190124512,-1.056653618812561,-0.247234046459198,0.3534620404243469,-0.7422324419021606,-0.17279572784900665,0.28441551327705383,-0.6775540113449097,-0.03489168360829353,0.6966645121574402,-0.7011275291442871,-0.061903275549411774,0.7619694471359253,-0.8615800738334656,-0.18307547271251678,0.5658595561981201,-0.6650410890579224,-0.08709675073623657,0.4938219487667084,-0.5903041958808899,0.029664015397429466,rock
0.0,0.0,0.0,-0.26401931047439575,-0.37962764501571655,-0.16595806181430817,-0.4037562608718872,-0.8031374216079712,-0.25206220149993896,-0.11076610535383224,-1.104479432106018,-0.35531654953956604,0.2899659276008606,-1.0817855596542358,-0.3976239562034607,-0.08038707822561264,-1.0758519172668457,0.09903264045715332,0.07407712936401367,-1.35194993019104,-0.1935712695121765,-0.048366378992795944,-1.0398937463760376,-0.34915006160736084,-0.06071964651346207,-0.9212527871131897,-0.4126971364021301,0.19508972764015198,-0.9775773882865906,0.07926195114850998,0.36308959126472473,-1.2431944608688354,-0.21172001957893372,0.17829525470733643,-0.8934360146522522,-0.264487624168396,0.13023221492767334,-0.8334754705429077,-0.23101706802845,0.4612311124801636,-0.856127917766571,-0.004029102623462677,0.6157926917076111,-1.079115629196167,-0.3017859160900116,0.37281370162963867,-0.7552801370620728,-0.21296511590480804,0.28350815176963806,-0.6748303771018982,-0.06829887628555298,0.7016705274581909,-0.7077813148498535,-0.1086154654622078,0.7756153345108032,-0.871999979019165,-0.2462868094444275,0.5786516666412354,-0.6729716658592224,-0.15829697251319885,0.49527305364608765,-0.5936563611030579,-0.04880744218826294,rock
0.0,0.0,0.0,-0.2672211229801178,-0.3900551199913025,-0.16859517991542816,-0.4079517126083374,-0.8003333210945129,-0.2557465136051178,-0.11597408354282379,-1.0906926393508911,-0.36017316579818726,0.28092947602272034,-1.0788767337799072,-0.4025733172893524,-0.08070263266563416,-1.0779062509536743,0.1118561252951622,0.06434229761362076,-1.351822018623352,-0.19109967350959778,-0.05673542246222496,-1.0381325483322144,-0.35889190435409546,-0.07471369951963425,-0.9141430854797363,-0.4261777698993683,0.19385232031345367,-0.9765227437019348,0.09393968433141708,0.34802868962287903,-1.2382032871246338,-0.19706910848617554,0.16870948672294617,-0.8913964629173279,-0.2575269341468811,0.12684966623783112,-0.8341997265815735,-0.22997239232063293,0.4602173864841461,-0.8526319265365601,0.010352578945457935,0.6117057204246521,-1.0729550123214722,-0.2893766760826111,0.36880528926849365,-0.7514243125915527,-0.20363888144493103,0.28363990783691406,-0.6714743375778198,-0.060508355498313904,0.7008441686630249,-0.7031251788139343,-0.094891756772995,0.7791426777839661,-0.8697373270988464,-0.23312251269817352,0.5811106562614441,-0.669805645942688,-0.1422775834798813,0.49788135290145874,-0.5864695310592651,-0.028985245153307915,rock
0.0,0.0,0.0,-0.2636179029941559,-0.3798465132713318,-0.167561337351799,-0.4077518582344055,-0.8047820925712585,-0.2525123655796051,-0.11699220538139343,-1.107966423034668,-0.35517677664756775,0.28779152035713196,-1.0875147581100464,-0.39638033509254456,-0.07974115759134293,-1.0758776664733887,0.10580579936504364,0.0704442709684372,-1.354469895362854,-0.18757358193397522,-0.05347762256860733,-1.0399619340896606,-0.3435678780078888,-0.06443239003419876,-0.9242382645606995,-0.4063566029071808,0.19310693442821503,-0.977321207523346,0.08690822869539261,0.3577912449836731,-1.2385209798812866,-0.2062215507030487,0.1733274906873703,-0.888160228729248,-0.26052847504615784,0.12835849821567535,-0.8339243531227112,-0.22687682509422302,0.4596007466316223,-0.8570157885551453,0.003395689884200692,0.610641360282898,-1.0742602348327637,-0.2966071367263794,0.368395060300827,-0.7513060569763184,-0.2096155434846878,0.2830513119697571,-0.6776463985443115,-0.06484681367874146,0.7031978964805603,-0.710609495639801,-0.10139991343021393,0.7822732925415039,-0.8768422603607178,-0.23616044223308563,0.5851919054985046,-0.6758416295051575,-0.1452125608921051,0.5027081370353699,-0.597812831401825,-0.03312383592128754,rock
0.0,0.0,0.0,-0.27290478348731995,-0.384581983089447,-0.1679508537054062,-0.4128098785877228,-0.8016746044158936,-0.24613060057163239,-0.12506110966205597,-1.0920909643173218,-0.34012526273727417,0.26658713817596436,-1.0701931715011597,-0.37014418840408325,-0.09374208003282547,-1.0834497213363647,0.11882334202528,0.053179193288087845,-1.349389910697937,-0.18623851239681244,-0.0643465667963028,-1.0305030345916748,-0.3561462461948395,-0.07947301119565964,-0.9197586178779602,-0.4255655109882355,0.1805940419435501,-0.9781627655029297,0.1028752475976944,0.33676835894584656,-1.234610676765442,-0.19265294075012207,0.15985886752605438,-0.8813747763633728,-0.25621500611305237,0.12947991490364075,-0.8424534201622009,-0.2292967587709427,0.4514234662055969,-0.8532329201698303,0.020892754197120667,0.5941315293312073,-1.0629938840866089,-0.2802111506462097,0.35458269715309143,-0.7398660182952881,-0.1963978260755539,0.28935956954956055,-0.6837292313575745,-0.05419641360640526,0.6969156861305237,-0.70891934633255,-0.08223392814397812,0.771616518497467,-0.8666667342185974,-0.21002063155174255,0.5748925805091858,-0.6644388437271118,-0.11227713525295258,0.5047236084938049,-0.5957587957382202,0.0042614866979420185,rock
0.0,0.0,0.0,-0.2685990631580353,-0.3837418854236603,-0.15558667480945587,-0.4071148633956909,-0.8020630478858948,-0.22852139174938202,-0.11656802892684937,-1.091490626335144,-0.3208790123462677,0.27686718106269836,-1.07205331325531,-0.3511693775653839,-0.08957335352897644,-1.0772045850753784,0.1324264258146286,0.04528714343905449,-1.352608323097229,-0.16749407351016998,-0.06191760301589966,-1.0390219688415527,-0.3329009413719177,-0.06978574395179749,-0.9166767597198486,-0.39821672439575195,0.18117712438106537,-0.9772525429725647,0.11023738980293274,0.33217719197273254,-1.235479712486267,-0.17757409811019897,0.1620180904865265,-0.8891156315803528,-0.23656482994556427,0.13213074207305908,-0.8397979140281677,-0.20719115436077118,0.446982741355896,-0.8543595671653748,0.022184275090694427,0.5890805721282959,-1.0663869380950928,-0.27445486187934875,0.3560176193714142,-0.7482491135597229,-0.1905815303325653,0.2890567183494568,-0.6808001399040222,-0.048383455723524094,0.6893289685249329,-0.7066599726676941,-0.08651776611804962,0.764659583568573,-0.8699042201042175,-0.2170223444700241,0.5707864761352539,-0.671684205532074,-0.12314385175704956,0.4988098740577698,-0.595867931842804,-0.008394823409616947,rock
0.0,0.0,0.0,-0.2579925060272217,-0.38119450211524963,-0.15344350039958954,-0.39578482508659363,-0.7898159623146057,-0.2259206473827362,-0.11946801841259003,-1.0719462633132935,-0.31976404786109924,0.26821208000183105,-1.0687381029129028,-0.35290104150772095,-0.09290087223052979,-1.0723382234573364,0.14797182381153107,0.0298125222325325,-1.3478580713272095,-0.1410001814365387,-0.0592440702021122,-1.0424202680587769,-0.29876506328582764,-0.06260489672422409,-0.9199028611183167,-0.3574574291706085,0.18186160922050476,-0.975373387336731,0.12479210644960403,0.32322531938552856,-1.2346925735473633,-0.15324068069458008,0.16936607658863068,-0.8965305089950562,-0.21346017718315125,0.13962168991565704,-0.844720721244812,-0.18368613719940186,0.44942721724510193,-0.8529226183891296,0.03585575520992279,0.5755738615989685,-1.0545793771743774,-0.24972063302993774,0.35999131202697754,-0.7470247149467468,-0.17291240394115448,0.29642120003700256,-0.682891845703125,-0.03611646592617035,0.6918644309043884,-0.705858588218689,-0.07349912822246552,0.7615686058998108,-0.8670560121536255,-0.19039392471313477,0.5807704925537109,-0.6758733987808228,-0.09446170181035995,0.5101627111434937,-0.6017796993255615,0.020540669560432434,rock
0.0,0.0,0.0,-0.26826024055480957,-0.38710957765579224,-0.16004855930805206,-0.4043748080730438,-0.802984356880188,-0.22948168218135834,-0.11697976291179657,-1.082200527191162,-0.3173007369041443,0.2821117341518402,-1.0668412446975708,-0.3421229422092438,-0.09883051365613937,-1.070415735244751,0.14670830965042114,0.020480496808886528,-1.3380074501037598,-0.14165829122066498,-0.07981643080711365,-1.025597333908081,-0.29448094964027405,-0.07433171570301056,-0.9175040125846863,-0.3531036376953125,0.17722342908382416,-0.975951075553894,0.126930832862854,0.3207428753376007,-1.2408502101898193,-0.15530069172382355,0.15272407233715057,-0.8942356705665588,-0.20811937749385834,0.13877013325691223,-0.8509963750839233,-0.17127399146556854,0.44496020674705505,-0.8558558821678162,0.040115904062986374,0.5719722509384155,-1.0580716133117676,-0.2496405392885208,0.34534579515457153,-0.7458623051643372,-0.1657216101884842,0.2999187409877777,-0.6917646527290344,-0.022935688495635986,0.6897927522659302,-0.7102335095405579,-0.06796073168516159,0.7534890174865723,-0.8667815923690796,-0.18430103361606598,0.5668693780899048,-0.6730877757072449,-0.08623891323804855,0.5115687847137451,-0.6068248152732849,0.029586568474769592,rock
0.0,0.0,0.0,-0.2828747034072876,-0.38375988602638245,-0.1675701141357422,-0.4297904968261719,-0.7984344959259033,-0.24786873161792755,-0.1405230313539505,-1.0919559001922607,-0.34630754590034485,0.2645874619483948,-1.0875624418258667,-0.38083651661872864,-0.09993165731430054,-1.0725823640823364,0.1342063546180725,0.026870008558034897,-1.3521709442138672,-0.16842441260814667,-0.07650358229875565,-1.0396348237991333,-0.3294667601585388,-0.07377812266349792,-0.9200777411460876,-0.3902948498725891,0.1772819310426712,-0.977283775806427,0.11613631993532181,0.31771233677864075,-1.242117166519165,-0.17669017612934113,0.14650669693946838,-0.895164966583252,-0.23028446733951569,0.12944374978542328,-0.8478808999061584,-0.19329550862312317,0.44556480646133423,-0.858797550201416,0.029271196573972702,0.5773082971572876,-1.0705277919769287,-0.27900612354278564,0.33859384059906006,-0.7494094967842102,-0.19195154309272766,0.28369349241256714,-0.6810994148254395,-0.042736172676086426,0.6958454847335815,-0.7113056778907776,-0.0789157897233963,0.7631441950798035,-0.8783477544784546,-0.21649044752120972,0.564872682094574,-0.6774967908859253,-0.12138905376195908,0.4995374381542206,-0.6002512574195862,-0.0029305340722203255,rock
0.0,0.0,0.0,-0.25416308641433716,-0.3778730630874634,-0.1648232638835907,-0.39637479186058044,-0.792485237121582,-0.2457723170518875,-0.11906902492046356,-1.0763336420059204,-0.3436271846294403,0.27798670530319214,-1.0690773725509644,-0.37869495153427124,-0.08459220081567764,-1.0760196447372437,0.11376619338989258,0.03999856486916542,-1.3439475297927856,-0.18223564326763153,-0.06575098633766174,-1.0310254096984863,-0.3368716537952423,-0.061039648950099945,-0.9176577925682068,-0.3960850238800049,0.18778270483016968,-0.9776809811592102,0.0942206084728241,0.3328273594379425,-1.22881281375885,-0.1917305290699005,0.15914249420166016,-0.8844926953315735,-0.24006110429763794,0.14398033916950226,-0.8448691368103027,-0.20313097536563873,0.45413216948509216,-0.8543193340301514,0.008564477786421776,0.5843817591667175,-1.0504502058029175,-0.28933748602867126,0.3503909409046173,-0.7376000881195068,-0.20140162110328674,0.29964759945869446,-0.6847058534622192,-0.05702684074640274,0.6961497068405151,-0.7064374089241028,-0.0977942943572998,0.7640786170959473,-0.8632771372795105,-0.22566115856170654,0.5707424879074097,-0.666516125202179,-0.12717659771442413,0.5072526931762695,-0.5993549227714539,-0.010188290849328041,rock
0.0,0.0,0.0,-0.2610223889350891,-0.3907163143157959,-0.15152782201766968,-0.3917490541934967,-0.8037096261978149,-0.22749997675418854,-0.10039690881967545,-1.0967978239059448,-0.3232429325580597,0.29427656531333923,-1.0936057567596436,-0.3562740087509155,-0.07541657239198685,-1.077175498008728,0.12650763988494873,0.0793674886226654,-1.3591413497924805,-0.1678713709115982,-0.04245704784989357,-1.0490217208862305,-0.32859373092651367,-0.059869617223739624,-0.9267958402633667,-0.39231595396995544,0.19705282151699066,-0.9748618006706238,0.10399358719587326,0.35505858063697815,-1.2349649667739868,-0.17962613701820374,0.174296572804451,-0.8912041783332825,-0.2384921759366989,0.13344335556030273,-0.8389657139778137,-0.21213142573833466,0.46598872542381287,-0.8509456515312195,0.018083849921822548,0.6279920339584351,-1.0790565013885498,-0.2727951407432556,0.38095536828041077,-0.7586464285850525,-0.1836901307106018,0.29495349526405334,-0.680586576461792,-0.041433509439229965,0.7096640467643738,-0.7017173767089844,-0.08800595253705978,0.7917311787605286,-0.8696041703224182,-0.22067448496818542,0.58870929479599,-0.6703143119812012,-0.12741437554359436,0.5072915554046631,-0.5896366834640503,-0.01351759023964405,rock
0.0,0.0,0.0,-0.32945916056632996,-0.31002211570739746,-0.21261723339557648,-0.5807340741157532,-0.6896267533302307,-0.33603110909461975,-0.4280405640602112,-1.016545057296753,-0.4644879996776581,-0.03982573747634888,-1.032941222190857,-0.5273197293281555,-0.2290102243423462,-1.0748963356018066,0.0332774817943573,-0.10398057103157043,-1.325552225112915,-0.26082876324653625,-0.19360117614269257,-1.0003353357315063,-0.4124710261821747,-0.21829813718795776,-0.8831560015678406,-0.47466760873794556,0.06216641142964363,-0.9977443814277649,0.025328325107693672,0.20602093636989594,-1.2560224533081055,-0.2615147829055786,0.06119438260793686,-0.8899465799331665,-0.3084699213504791,0.0027331539895385504,-0.831552267074585,-0.27112093567848206,0.3398047685623169,-0.886313259601593,-0.04702671989798546,0.48195013403892517,-1.1104702949523926,-0.3363099694252014,0.29899001121520996,-0.7770028114318848,-0.24201175570487976,0.2152707874774933,-0.7020277976989746,-0.09932789206504822,0.5906963348388672,-0.7410153746604919,-0.1434568464756012,0.6713613271713257,-0.9092764258384705,-0.2756057679653168,0.5037680268287659,-0.6974806785583496,-0.1758677363395691,0.41349825263023376,-0.621252715587616,-0.060144659131765366,rock
0.0,0.0,0.0,-0.33329910039901733,-0.30603381991386414,-0.22159968316555023,-0.5895717144012451,-0.6895647644996643,-0.34716248512268066,-0.4363788366317749,-1.0266510248184204,-0.4765714108943939,-0.040669895708560944,-1.0390652418136597,-0.5407712459564209,-0.2409716248512268,-1.0764260292053223,0.027713587507605553,-0.09989122301340103,-1.3391978740692139,-0.2728899419307709,-0.18477870523929596,-1.0179325342178345,-0.42943400144577026,-0.21441450715065002,-0.8957099914550781,-0.49310219287872314,0.05513991042971611,-0.9981834888458252,0.02427775412797928,0.20727720856666565,-1.257831335067749,-0.2674616277217865,0.0691637396812439,-0.8936445116996765,-0.31919020414352417,0.004880133550614119,-0.8331247568130493,-0.28346705436706543,0.3376350402832031,-0.8859966397285461,-0.044741883873939514,0.48226407170295715,-1.1096620559692383,-0.33595070242881775,0.3036068379878998,-0.7756167054176331,-0.2460017055273056,0.21456903219223022,-0.7024544477462769,-0.10492883622646332,0.5905060768127441,-0.7434473633766174,-0.1388922482728958,0.6726381778717041,-0.9048872590065002,-0.27223554253578186,0.5094269514083862,-0.6935627460479736,-0.17682181298732758,0.41587913036346436,-0.6201959848403931,-0.06359773874282837,rock
0.0,0.0,0.0,-0.33685746788978577,-0.3164091110229492,-0.2170017808675766,-0.5829165577888489,-0.6923105716705322,-0.3395875096321106,-0.43095430731773376,-1.0257447957992554,-0.46427208185195923,-0.036752309650182724,-1.0360323190689087,-0.5184305906295776,-0.21018528938293457,-1.0738232135772705,0.02727038785815239,-0.10685010999441147,-1.3320486545562744,-0.27341997623443604,-0.18878687918186188,-0.9948161840438843,-0.42299115657806396,-0.19916042685508728,-0.8876721858978271,-0.48288920521736145,0.07800315320491791,-0.9966460466384888,0.024743082001805305,0.21518318355083466,-1.2660773992538452,-0.26490291953086853,0.07319256663322449,-0.8807132244110107,-0.3008471727371216,0.020967107266187668,-0.8288092017173767,-0.2550654113292694,0.3534579575061798,-0.8857272267341614,-0.043390970677137375,0.4953763782978058,-1.1191320419311523,-0.3326723277568817,0.31325554847717285,-0.7713443040847778,-0.21942318975925446,0.233024463057518,-0.6923787593841553,-0.06273166090250015,0.6100912690162659,-0.740673303604126,-0.13718383014202118,0.6927877068519592,-0.9155764579772949,-0.2625446915626526,0.5287554264068604,-0.7000063061714172,-0.15278460085391998,0.445954829454422,-0.6270752549171448,-0.029982995241880417,rock
0.0,0.0,0.0,-0.1276290863752365,-0.38246938586235046,-0.20226870477199554,-0.08498667925596237,-0.7289295792579651,-0.18473997712135315,0.24812373518943787,-0.9470438957214355,-0.17201870679855347,0.5802804827690125,-1.1085532903671265,-0.14263127744197845,-0.08034501224756241,-0.9859386086463928,0.22857394814491272,-0.12382088601589203,-1.3506697416305542,0.2228849232196808,-0.12993517518043518,-1.5729187726974487,0.18983644247055054,-0.11734965443611145,-1.7647812366485596,0.16962292790412903,0.2058081030845642,-0.944189727306366,0.2571941614151001,0.4262314736843109,-1.3638242483139038,0.25082501769065857,0.5743703246116638,-1.5847344398498535,0.19724416732788086,0.7017343640327454,-1.7619471549987793,0.1737876832485199,0.4209630489349365,-0.8168416023254395,0.22753210365772247,0.6052062511444092,-1.052187442779541,0.0290986280888319,0.4588007926940918,-0.8457193374633789,-0.07739502936601639,0.35117077827453613,-0.6922034025192261,-0.06995924562215805,0.604036271572113,-0.6687997579574585,0.1838041990995407,0.7616726160049438,-0.8976978063583374,0.015286467038094997,0.635138988494873,-0.7745838761329651,-0.014628969132900238,0.5243399739265442,-0.6513098478317261,0.006910294760018587,scissors
0.0,0.0,0.0,-0.18033409118652344,-0.37509772181510925,-0.17541874945163727,-0.19437141716480255,-0.7175312638282776,-0.17693662643432617,0.1449328362941742,-0.9354706406593323,-0.19213265180587769,0.4861849844455719,-1.0647554397583008,-0.19322773814201355,-0.10081619024276733,-0.9993972778320312,0.1889130026102066,-0.1569070965051651,-1.40720796585083,0.14243558049201965,-0.16730773448944092,-1.6471000909805298,0.08646955341100693,-0.14479675889015198,-1.8524682521820068,0.05693534389138222,0.19270963966846466,-0.9619777798652649,0.19355039298534393,0.42302224040031433,-1.3931750059127808,0.13886262476444244,0.5778120756149292,-1.6294456720352173,0.06971821933984756,0.710369348526001,-1.8069325685501099,0.04518478363752365,0.40986382961273193,-0.8408980369567871,0.1467682123184204,0.5439210534095764,-1.0457934141159058,-0.07423944026231766,0.3657676875591278,-0.8381335139274597,-0.15801379084587097,0.24622435867786407,-0.6720371246337891,-0.12462659180164337,0.5903899073600769,-0.6882447004318237,0.08636527508497238,0.7184718251228333,-0.9105172753334045,-0.07477905601263046,0.5757317543029785,-0.7874119877815247,-0.07112641632556915,0.4657711088657379,-0.6493453979492188,-0.018648577854037285,scissors
0.0,0.0,0.0,-0.1908213198184967,-0.355158269405365,-0.1998341679573059,-0.24364757537841797,-0.6978939175605774,-0.22684246301651,0.08210006356239319,-0.9177691340446472,-0.2660197913646698,0.43035849928855896,-1.0263782739639282,-0.2874087691307068,-0.10331793874502182,-1.0131670236587524,0.13690398633480072,-0.15075606107711792,-1.44356107711792,0.05882425606250763,-0.14846844971179962,-1.695797324180603,-0.015353371389210224,-0.1138390451669693,-1.9076522588729858,-0.054463714361190796,0.1867988109588623,-0.9716325402259827,0.1450393944978714,0.42236819863319397,-1.4141418933868408,0.048934854567050934,0.6021513938903809,-1.6577426195144653,-0.04191352427005768,0.7545365691184998,-1.8381507396697998,-0.07515712827444077,0.39950767159461975,-0.8476647138595581,0.10105317085981369,0.5435099005699158,-1.0304992198944092,-0.1562342345714569,0.3684850335121155,-0.8046573996543884,-0.24891826510429382,0.23787453770637512,-0.6273155808448792,-0.20851832628250122,0.579149067401886,-0.6879227161407471,0.042116474360227585,0.7180779576301575,-0.8914182782173157,-0.13897842168807983,0.6000852584838867,-0.7667493224143982,-0.1419505476951599,0.4987441599369049,-0.630102276802063,-0.08658046275377274,scissors
0.0,0.0,0.0,-0.2048104852437973,-0.35110077261924744,-0.1913413256406784,-0.2661136984825134,-0.7015344500541687,-0.2268734574317932,0.06128386780619621,-0.9269490242004395,-0.27699902653694153,0.420909583568573,-1.0240623950958252,-0.31015679240226746,-0.1077849268913269,-1.0175389051437378,0.12394271790981293,-0.1511961668729782,-1.4457294940948486,0.0266153272241354,-0.14430220425128937,-1.7031972408294678,-0.05692334473133087,-0.10500437766313553,-1.9238756895065308,-0.10162996500730515,0.1802375167608261,-0.9764788746833801,0.11833640933036804,0.4307185113430023,-1.4170058965682983,-0.0035598184913396835,0.6203002333641052,-1.6622618436813354,-0.10067357122898102,0.7831053733825684,-1.846771240234375,-0.13371486961841583,0.39670151472091675,-0.8506408929824829,0.06264414638280869,0.5461075901985168,-1.0177311897277832,-0.21912531554698944,0.35833626985549927,-0.7853313088417053,-0.30275362730026245,0.22263482213020325,-0.604245662689209,-0.24999076128005981,0.5801375508308411,-0.6826009750366211,-0.006878111977130175,0.7114078998565674,-0.8737828135490417,-0.20639564096927643,0.560391902923584,-0.7289687991142273,-0.19901512563228607,0.446407675743103,-0.5807799100875854,-0.13147228956222534,scissors
0.0,0.0,0.0,-0.20951320230960846,-0.34536200761795044,-0.1957118958234787,-0.2789652943611145,-0.700304388999939,-0.2325478345155716,0.0481782928109169,-0.9271314144134521,-0.2814537286758423,0.40114086866378784,-1.0160173177719116,-0.3128272294998169,-0.1062503308057785,-1.015748381614685,0.10771391540765762,-0.15106046199798584,-1.4422383308410645,0.009374718181788921,-0.14848913252353668,-1.6927297115325928,-0.074152372777462,-0.10926553606987,-1.910710096359253,-0.12068676203489304,0.17656904458999634,-0.9785661697387695,0.10597965121269226,0.4196245074272156,-1.4173392057418823,-0.018667738884687424,0.6039043664932251,-1.654388666152954,-0.11432843655347824,0.7649621367454529,-1.835046648979187,-0.1488589495420456,0.3895535171031952,-0.8561205267906189,0.05509939789772034,0.5451168417930603,-1.0060855150222778,-0.22673837840557098,0.3544604182243347,-0.7714049220085144,-0.3073005974292755,0.21073207259178162,-0.5906575322151184,-0.2548315227031708,0.572130560874939,-0.6913302540779114,-0.010522687807679176,0.7054294943809509,-0.8626349568367004,-0.21266783773899078,0.557765781879425,-0.7171024680137634,-0.20928238332271576,0.4408016502857208,-0.5721563100814819,-0.14624473452568054,scissors
0.0,0.0,0.0,-0.2053753286600113,-0.35950976610183716,-0.21059951186180115,-0.2703605890274048,-0.7189191579818726,-0.2430468499660492,0.059396300464868546,-0.9431229829788208,-0.28684309124946594,0.42357128858566284,-1.0330281257629395,-0.31567245721817017,-0.09213700890541077,-1.0173463821411133,0.1187816932797432,-0.1328100860118866,-1.458627700805664,0.026606664061546326,-0.13375027477741241,-1.717413306236267,-0.05247005075216293,-0.09572353959083557,-1.9385970830917358,-0.09525135904550552,0.18827496469020844,-0.9744989275932312,0.12208335846662521,0.4266834855079651,-1.4339805841445923,0.004227053839713335,0.6017322540283203,-1.6786988973617554,-0.08791754394769669,0.752570629119873,-1.8592251539230347,-0.12069787830114365,0.39390912652015686,-0.8472728133201599,0.07184513658285141,0.5372369289398193,-1.012952446937561,-0.22258180379867554,0.34108966588974,-0.7766261100769043,-0.31508591771125793,0.19703897833824158,-0.5922803282737732,-0.26685836911201477,0.5655307769775391,-0.6816605925559998,0.006851124577224255,0.6928656697273254,-0.881630539894104,-0.2078247368335724,0.5347516536712646,-0.7360208630561829,-0.2111612856388092,0.4100610613822937,-0.5848444700241089,-0.152761772274971,scissors
0.0,0.0,0.0,-0.21408720314502716,-0.3543909788131714,-0.2243102490901947,-0.28327059745788574,-0.706794261932373,-0.2643769681453705,0.04647814482450485,-0.9307173490524292,-0.312115877866745,0.4062352776527405,-1.015339732170105,-0.34186670184135437,-0.11424392461776733,-1.0218474864959717,0.10772060602903366,-0.14943958818912506,-1.446541666984558,0.011214655824005604,-0.1437235176563263,-1.6999939680099487,-0.07216338068246841,-0.10567035526037216,-1.9258182048797607,-0.1183086708188057,0.1699811965227127,-0.9783790707588196,0.11781665682792664,0.4081101417541504,-1.4187203645706177,-0.005237657111138105,0.5899181365966797,-1.6642836332321167,-0.10212498158216476,0.7464494705200195,-1.858177900314331,-0.13741561770439148,0.3788830637931824,-0.853166937828064,0.07301312685012817,0.5281378626823425,-1.000374674797058,-0.225173220038414,0.3381953239440918,-0.7605804204940796,-0.322835236787796,0.19643808901309967,-0.5818098187446594,-0.27606523036956787,0.5554412007331848,-0.6929513812065125,0.01212664507329464,0.6843933463096619,-0.8684079647064209,-0.2073976993560791,0.5376459360122681,-0.719765305519104,-0.21889004111289978,0.4213895797729492,-0.5735238194465637,-0.1636367291212082,scissors
0.0,0.0,0.0,-0.19072450697422028,-0.3528750538825989,-0.2019004225730896,-0.2595282196998596,-0.6980882287025452,-0.23591646552085876,0.058778271079063416,-0.9180054664611816,-0.2825748920440674,0.40978845953941345,-1.0089689493179321,-0.312510222196579,-0.10114729404449463,-1.0174733400344849,0.12789447605609894,-0.1311306208372116,-1.435070514678955,0.035320162773132324,-0.11845710873603821,-1.6847071647644043,-0.0491655208170414,-0.07221119105815887,-1.9058500528335571,-0.09747485816478729,0.18311242759227753,-0.9747942090034485,0.12746034562587738,0.4225236773490906,-1.4101773500442505,0.00820352416485548,0.6076726913452148,-1.6523504257202148,-0.09020213782787323,0.7660613059997559,-1.8419852256774902,-0.12763436138629913,0.3945346474647522,-0.8478960394859314,0.07462916523218155,0.5573136806488037,-1.004395604133606,-0.214384987950325,0.35977017879486084,-0.7618277668952942,-0.30488452315330505,0.20976881682872772,-0.5802726149559021,-0.2565910220146179,0.5734151601791382,-0.6807674169540405,0.007177640683948994,0.7127496004104614,-0.8551906943321228,-0.205982506275177,0.5630826950073242,-0.7086790204048157,-0.21178315579891205,0.44197148084640503,-0.5650259256362915,-0.1536361277103424,scissors
0.0,0.0,0.0,-0.21232207119464874,-0.3560774624347687,-0.21799154579639435,-0.2800932228565216,-0.7065810561180115,-0.25855547189712524,0.05143198370933533,-0.9276922941207886,-0.3091089427471161,0.41784051060676575,-1.0196024179458618,-0.3406086564064026,-0.10774248838424683,-1.0258878469467163,0.11961116641759872,-0.11492347717285156,-1.4470192193984985,0.022613003849983215,-0.09285365790128708,-1.700940728187561,-0.06281876564025879,-0.04283130168914795,-1.9271183013916016,-0.11173208802938461,0.17604732513427734,-0.9765316247940063,0.12407006323337555,0.41153648495674133,-1.4215891361236572,-0.00024475459940731525,0.5906018614768982,-1.6637003421783447,-0.09958408772945404,0.7434723973274231,-1.8527711629867554,-0.13900507986545563,0.38559961318969727,-0.8478394150733948,0.07347885519266129,0.543744683265686,-1.012756586074829,-0.2253124862909317,0.3407571613788605,-0.7648863792419434,-0.31790995597839355,0.19004809856414795,-0.5799199342727661,-0.2701651453971863,0.564483106136322,-0.6825090646743774,0.0068032341077923775,0.6958664059638977,-0.8658368587493896,-0.21602095663547516,0.5423648953437805,-0.7165655493736267,-0.22821804881095886,0.4230566918849945,-0.5716953873634338,-0.17506618797779083,scissors
0.0,0.0,0.0,-0.22752568125724792,-0.34573307633399963,-0.22555364668369293,-0.2905922532081604,-0.6984670758247375,-0.26977139711380005,0.043439000844955444,-0.918688952922821,-0.32150280475616455,0.4045223593711853,-1.0067250728607178,-0.3539370596408844,-0.11881119012832642,-1.026870846748352,0.10158592462539673,-0.13240258395671844,-1.4494187831878662,0.006623772904276848,-0.11040578037500381,-1.704883098602295,-0.07319715619087219,-0.05960048362612724,-1.929664969444275,-0.11823846399784088,0.1696050763130188,-0.9795516729354858,0.10822466760873795,0.4028916656970978,-1.4150257110595703,-0.014701682142913342,0.5838215351104736,-1.6601853370666504,-0.10886414349079132,0.733955979347229,-1.8491019010543823,-0.14218458533287048,0.3850056827068329,-0.8488643765449524,0.060394272208213806,0.5303530693054199,-1.00191068649292,-0.23802553117275238,0.3352869749069214,-0.7623152732849121,-0.3315003216266632,0.18961526453495026,-0.5799572467803955,-0.2827414572238922,0.5690871477127075,-0.6821251511573792,-0.003949261270463467,0.6929571628570557,-0.8585736155509949,-0.23146571218967438,0.5360377430915833,-0.7070603370666504,-0.24564537405967712,0.41623085737228394,-0.5568999648094177,-0.1912960559129715,scissors
0.0,0.0,0.0,-0.23429684340953827,-0.346301794052124,-0.22857026755809784,-0.29761645197868347,-0.7019149661064148,-0.2740883231163025,0.03954097628593445,-0.9267544150352478,-0.3259498178958893,0.40529730916023254,-1.0098220109939575,-0.3582862615585327,-0.1203276738524437,-1.0279605388641357,0.09185590595006943,-0.1425594538450241,-1.4576069116592407,-0.0015712728491052985,-0.1275366097688675,-1.7131764888763428,-0.07786399871110916,-0.08419814705848694,-1.9405876398086548,-0.11944911628961563,0.17053329944610596,-0.9804397225379944,0.09826657176017761,0.40421462059020996,-1.4274581670761108,-0.021607020869851112,0.5823890566825867,-1.6770663261413574,-0.1106511726975441,0.7274169921875,-1.8698010444641113,-0.13995690643787384,0.38666653633117676,-0.8480517268180847,0.050130464136600494,0.5229290723800659,-0.9983296990394592,-0.24642865359783173,0.3279343545436859,-0.7586638331413269,-0.3395911157131195,0.18605737388134003,-0.5804781317710876,-0.2901272475719452,0.571966826915741,-0.6798996925354004,-0.014821236953139305,0.6909151077270508,-0.8599298000335693,-0.23765696585178375,0.5371013283729553,-0.7073603868484497,-0.24985399842262268,0.4215804934501648,-0.5567196011543274,-0.19500713050365448,scissors
0.0,0.0,0.0,-0.23154494166374207,-0.34982478618621826,-0.20680584013462067,-0.2880176603794098,-0.7092410326004028,-0.2487584948539734,0.07165861129760742,-0.9314659237861633,-0.3022758960723877,0.43779560923576355,-1.0147171020507812,-0.3395081162452698,-0.12493672221899033,-1.0261411666870117,0.09355730563402176,-0.1419694870710373,-1.4670239686965942,-0.011324617080390453,-0.1334775686264038,-1.7247685194015503,-0.09453622996807098,-0.0957355797290802,-1.951805591583252,-0.14148089289665222,0.17099741101264954,-0.9814566373825073,0.08661890774965286,0.3909258544445038,-1.4365559816360474,-0.049703989177942276,0.5510346293449402,-1.6922410726547241,-0.14744411408901215,0.6849864721298218,-1.8895790576934814,-0.18157322704792023,0.39792823791503906,-0.8493416905403137,0.029015857726335526,0.5429193377494812,-1.0163772106170654,-0.2777104377746582,0.34244057536125183,-0.7738201022148132,-0.3607560396194458,0.1990927904844284,-0.587766706943512,-0.3042730987071991,0.5921677350997925,-0.6751590967178345,-0.04367674142122269,0.708210825920105,-0.8648814558982849,-0.27965590357780457,0.5413345098495483,-0.7052305936813354,-0.28515294194221497,0.4227772653102875,-0.5449385046958923,-0.2223050445318222,scissors
0.0,0.0,0.0,-0.23463936150074005,-0.3491634130477905,-0.21779681742191315,-0.29592904448509216,-0.7056839466094971,-0.26275205612182617,0.06163760647177696,-0.9333997368812561,-0.3184826374053955,0.4380009174346924,-1.0124186277389526,-0.3571386933326721,-0.12678027153015137,-1.0262707471847534,0.10385653376579285,-0.14561563730239868,-1.4582165479660034,-0.00336665753275156,-0.12953326106071472,-1.7165992259979248,-0.09186748415231705,-0.08294706046581268,-1.9444438219070435,-0.14315132796764374,0.17139191925525665,-0.9799395799636841,0.10170204192399979,0.39924928545951843,-1.426363229751587,-0.03530050441622734,0.5659983158111572,-1.678987979888916,-0.13837122917175293,0.7120080590248108,-1.8780040740966797,-0.17625974118709564,0.3973183333873749,-0.845538854598999,0.0463004931807518,0.539737343788147,-1.019171953201294,-0.2637256979942322,0.3314649760723114,-0.7793572545051575,-0.35273030400276184,0.19184833765029907,-0.5962516069412231,-0.29875293374061584,0.5893691182136536,-0.668273389339447,-0.02498159371316433,0.6983190178871155,-0.8596736192703247,-0.261489599943161,0.5320367217063904,-0.7046073079109192,-0.2709929347038269,0.4219684600830078,-0.5490474700927734,-0.2105833739042282,scissors
0.0,0.0,0.0,-0.2280282825231552,-0.36187657713890076,-0.23499780893325806,-0.29421740770339966,-0.7192760109901428,-0.28345242142677307,0.052234966307878494,-0.9391646385192871,-0.33890730142593384,0.4245759844779968,-1.0120368003845215,-0.3760235905647278,-0.12193207442760468,-1.0265488624572754,0.08264946192502975,-0.14423058927059174,-1.4644063711166382,-0.02917453646659851,-0.13402418792247772,-1.7251628637313843,-0.11924853920936584,-0.09309528768062592,-1.9611265659332275,-0.1703992784023285,0.17325907945632935,-0.9807841777801514,0.08968695998191833,0.4013817608356476,-1.4325518608093262,-0.056353628635406494,0.5702481865882874,-1.6939457654953003,-0.16457656025886536,0.7113652229309082,-1.9015530347824097,-0.2054000049829483,0.39546266198158264,-0.8530992269515991,0.04187241941690445,0.5302020907402039,-1.0032392740249634,-0.27819299697875977,0.32764095067977905,-0.7585047483444214,-0.37631234526634216,0.18271565437316895,-0.5752364993095398,-0.32479849457740784,0.5832033753395081,-0.687870442867279,-0.02316863462328911,0.6993902325630188,-0.8676149845123291,-0.2615944743156433,0.5394196510314941,-0.7142198085784912,-0.2764238715171814,0.4210054278373718,-0.5623933672904968,-0.21998827159404755,scissors
0.0,0.0,0.0,-0.22250483930110931,-0.35563400387763977,-0.23707827925682068,-0.2918921411037445,-0.7091153264045715,-0.29339003562927246,0.045382775366306305,-0.9309767484664917,-0.3574451506137848,0.4173137843608856,-1.0147137641906738,-0.4026828706264496,-0.11329992860555649,-1.0308269262313843,0.08421040326356888,-0.1306634098291397,-1.4633246660232544,-0.029136786237359047,-0.11528603732585907,-1.7238633632659912,-0.12218715250492096,-0.0700141191482544,-1.9572216272354126,-0.17606383562088013,0.17642858624458313,-0.980354905128479,0.08818917721509933,0.40672340989112854,-1.434364676475525,-0.05610920488834381,0.5794241428375244,-1.6862940788269043,-0.1636490523815155,0.72592693567276,-1.8843176364898682,-0.20529279112815857,0.3961839973926544,-0.8469331860542297,0.0365174375474453,0.5410207509994507,-1.009960412979126,-0.28205832839012146,0.34027647972106934,-0.7628569602966309,-0.3774521052837372,0.19516964256763458,-0.5777364373207092,-0.3264688551425934,0.5860700607299805,-0.6759141087532043,-0.032531291246414185,0.7028675079345703,-0.8633178472518921,-0.26862844824790955,0.5419284105300903,-0.7086206078529358,-0.2803083658218384,0.42368242144584656,-0.5554687976837158,-0.22337855398654938,scissors
0.0,0.0,0.0,-0.2239297777414322,-0.35806816816329956,-0.23040464520454407,-0.28603845834732056,-0.712130069732666,-0.28209155797958374,0.06255946308374405,-0.9300364851951599,-0.3410447835922241,0.43696048855781555,-1.01188063621521,-0.3810611069202423,-0.12054076045751572,-1.0289312601089478,0.07853733003139496,-0.13727061450481415,-1.4702537059783936,-0.032441336661577225,-0.11622559279203415,-1.7334644794464111,-0.11817402392625809,-0.06574859470129013,-1.966172218322754,-0.1648525446653366,0.1768326312303543,-0.9806092977523804,0.08447191119194031,0.41090551018714905,-1.4273000955581665,-0.056607797741889954,0.58335280418396,-1.6821004152297974,-0.15680858492851257,0.7271023988723755,-1.8817968368530273,-0.1908634603023529,0.39990317821502686,-0.8489705324172974,0.03659306839108467,0.5370151400566101,-1.0008586645126343,-0.27401039004325867,0.3322676718235016,-0.758357584476471,-0.36326155066490173,0.18699173629283905,-0.5735233426094055,-0.30735188722610474,0.5863400101661682,-0.679709792137146,-0.028427772223949432,0.703778088092804,-0.8561150431632996,-0.2578214704990387,0.544305145740509,-0.706744372844696,-0.26656338572502136,0.4283094108104706,-0.5581893920898438,-0.2063102275133133,scissors
0.0,0.0,0.0,-0.23345573246479034,-0.36009547114372253,-0.2224968820810318,-0.2887331247329712,-0.7061760425567627,-0.26607999205589294,0.06128619611263275,-0.9286885857582092,-0.3203471302986145,0.4207670986652374,-1.0164909362792969,-0.3574633300304413,-0.12806665897369385,-1.0292783975601196,0.11189574003219604,-0.14324063062667847,-1.4603685140609741,0.003378551220521331,-0.12116310745477676,-1.720963478088379,-0.08895138651132584,-0.06885730475187302,-1.949910044670105,-0.14243853092193604,0.1701589971780777,-0.9789538383483887,0.11267311125993729,0.40067434310913086,-1.420984148979187,-0.027959546074271202,0.5748375058174133,-1.6747418642044067,-0.13930854201316833,0.7232247591018677,-1.8735982179641724,-0.18130342662334442,0.39874592423439026,-0.8447554707527161,0.05905166640877724,0.541513204574585,-1.0133252143859863,-0.25601011514663696,0.3354076147079468,-0.7721056938171387,-0.351103276014328,0.19045808911323547,-0.5854586958885193,-0.29850196838378906,0.5904524326324463,-0.6707243919372559,-0.011002152226865292,0.7008016109466553,-0.8573002219200134,-0.25183427333831787,0.535891056060791,-0.7015359997749329,-0.2643868625164032,0.41813546419143677,-0.5410568714141846,-0.20341408252716064,scissors
0.0,0.0,0.0,-0.24599689245224,-0.34762632846832275,-0.2156108319759369,-0.30618104338645935,-0.7085420489311218,-0.2642652988433838,0.04303756728768349,-0.9364379644393921,-0.3242637813091278,0.41056573390960693,-1.0200430154800415,-0.36702844500541687,-0.13113956153392792,-1.0299354791641235,0.08334260433912277,-0.14618170261383057,-1.4745323657989502,-0.031120315194129944,-0.12655991315841675,-1.7377339601516724,-0.12041503936052322,-0.07203084975481033,-1.9669058322906494,-0.17126846313476562,0.17052696645259857,-0.9823137521743774,0.07733237743377686,0.4052937626838684,-1.4357823133468628,-0.06702342629432678,0.581636905670166,-1.692049503326416,-0.17116495966911316,0.736266553401947,-1.892354130744934,-0.20903280377388,0.4056095480918884,-0.8506909012794495,0.020311925560235977,0.544560432434082,-1.0232712030410767,-0.29554083943367004,0.33450037240982056,-0.7762093544006348,-0.37911108136177063,0.18659083545207977,-0.5823381543159485,-0.31962886452674866,0.6075983643531799,-0.6753370761871338,-0.05256909877061844,0.7119911909103394,-0.8633036017417908,-0.2930988073348999,0.5420376658439636,-0.7070802450180054,-0.29814544320106506,0.4201693534851074,-0.5429084300994873,-0.2327459752559662,scissors
0.0,0.0,0.0,-0.24043405055999756,-0.35249102115631104,-0.23701924085617065,-0.3021255135536194,-0.7082728743553162,-0.2869707942008972,0.050900623202323914,-0.9282252192497253,-0.3444867730140686,0.42733460664749146,-1.0064971446990967,-0.38378798961639404,-0.13045063614845276,-1.0339387655258179,0.0958082303404808,-0.14596620202064514,-1.4734766483306885,-0.009421120397746563,-0.12535615265369415,-1.7363923788070679,-0.09420033544301987,-0.07430245727300644,-1.9661242961883545,-0.14192329347133636,0.16938382387161255,-0.9803897142410278,0.1007232815027237,0.40747809410095215,-1.4266749620437622,-0.03902916610240936,0.5863465070724487,-1.684626817703247,-0.14266538619995117,0.7379177212715149,-1.8836688995361328,-0.17806991934776306,0.3953742980957031,-0.8437133431434631,0.04953979700803757,0.5289039015769958,-1.004746437072754,-0.2736400365829468,0.31570255756378174,-0.7603285908699036,-0.37159496545791626,0.17380477488040924,-0.5759246945381165,-0.31772664189338684,0.5890008211135864,-0.6690019965171814,-0.018560055643320084,0.6906110644340515,-0.8545615673065186,-0.26986807584762573,0.5250478982925415,-0.6932863593101501,-0.2881257236003876,0.4156552851200104,-0.5341752767562866,-0.2302374690771103,scissors
0.0,0.0,0.0,-0.2245391458272934,-0.3509080111980438,-0.24123996496200562,-0.28500327467918396,-0.7120956182479858,-0.29773786664009094,0.06210530176758766,-0.9324436783790588,-0.36012640595436096,0.4378664493560791,-1.0080771446228027,-0.4038797616958618,-0.11443611234426498,-1.031556248664856,0.07648534327745438,-0.12167738378047943,-1.4710028171539307,-0.0340653695166111,-0.09939218312501907,-1.730926752090454,-0.12164919078350067,-0.046893663704395294,-1.9596117734909058,-0.1713111251592636,0.1794562190771103,-0.9801942110061646,0.08375359326601028,0.41780540347099304,-1.4301302433013916,-0.05744442716240883,0.595470130443573,-1.6831488609313965,-0.1583927422761917,0.7486238479614258,-1.8806471824645996,-0.1936919391155243,0.4023188352584839,-0.8452068567276001,0.035861626267433167,0.5468473434448242,-1.014200210571289,-0.2845063805580139,0.33724287152290344,-0.7696735858917236,-0.37589243054389954,0.1914549469947815,-0.584526538848877,-0.32008782029151917,0.5927605628967285,-0.6700147390365601,-0.029249360784888268,0.7054517269134521,-0.8654700517654419,-0.2758176624774933,0.5370993614196777,-0.7064558267593384,-0.2876945436000824,0.4179008901119232,-0.5461905598640442,-0.22694560885429382,scissors
0.0,0.0,0.0,-0.12429698556661606,-0.2606695294380188,-0.3040406107902527,-0.05491982772946358,-0.573552668094635,-0.40797358751296997,0.30813249945640564,-0.7638182640075684,-0.49284255504608154,0.6522760391235352,-0.8912730813026428,-0.55776447057724,0.08080120384693146,-0.9942442178726196,-0.08935096859931946,0.09898105263710022,-1.4002445936203003,-0.20870843529701233,0.11593136936426163,-1.638057827949524,-0.3079652488231659,0.16788887977600098,-1.8235774040222168,-0.38137632608413696,0.35865792632102966,-0.9323673248291016,-0.04533949866890907,0.560108482837677,-1.4026738405227661,-0.15066130459308624,0.6873257160186768,-1.639151692390442,-0.24037188291549683,0.8202046751976013,-1.8186473846435547,-0.2963505685329437,0.5654470920562744,-0.7708261609077454,-0.046090152114629745,0.8310423493385315,-1.0600484609603882,-0.295430064201355,0.6825516223907471,-0.8816184997558594,-0.380151629447937,0.5492990612983704,-0.7189462184906006,-0.3771164119243622,0.7211107611656189,-0.5570853352546692,-0.0693402886390686,0.9012519121170044,-0.7286412715911865,-0.3290289640426636,0.7328411340713501,-0.5934527516365051,-0.3793008029460907,0.5807443857192993,-0.45098188519477844,-0.36459967494010925,scissors
0.0,0.0,0.0,-0.11449874937534332,-0.2802714705467224,-0.34558185935020447,-0.07565814256668091,-0.5332541465759277,-0.49382805824279785,0.2729357182979584,-0.6958553791046143,-0.6090861558914185,0.627953827381134,-0.7604334354400635,-0.6942068338394165,0.08679798990488052,-0.983185350894928,-0.20619694888591766,0.1239813044667244,-1.3952993154525757,-0.34704267978668213,0.13650690019130707,-1.6420249938964844,-0.4559262990951538,0.1864110380411148,-1.8375496864318848,-0.533302903175354,0.3627883195877075,-0.9222413301467896,-0.13362497091293335,0.5922214984893799,-1.3955763578414917,-0.2598922550678253,0.758268415927887,-1.6341583728790283,-0.33953648805618286,0.9305233955383301,-1.8417959213256836,-0.39222824573516846,0.5584428310394287,-0.7601688504219055,-0.10131093859672546,0.7513872385025024,-1.005070447921753,-0.29872897267341614,0.5413942933082581,-0.7689946889877319,-0.3187314569950104,0.39321231842041016,-0.6121728420257568,-0.28310859203338623,0.6721392869949341,-0.553305983543396,-0.10248497128486633,0.7986803650856018,-0.7228511571884155,-0.2755070924758911,0.64602130651474,-0.566963791847229,-0.2725682258605957,0.5102463364601135,-0.43771374225616455,-0.2354222983121872,scissors
0.0,0.0,0.0,-0.12543247640132904,-0.2625836133956909,-0.40485721826553345,-0.09134158492088318,-0.5013678073883057,-0.5996739268302917,0.25842180848121643,-0.6639271378517151,-0.7522776126861572,0.6282983422279358,-0.7178350687026978,-0.8771622776985168,0.09410838037729263,-0.9694530367851257,-0.3083515763282776,0.13247951865196228,-1.3864820003509521,-0.4855644106864929,0.15532216429710388,-1.6424802541732788,-0.611665666103363,0.2022421658039093,-1.8387378454208374,-0.6966745853424072,0.36235320568084717,-0.9066019654273987,-0.21627084910869598,0.6128596663475037,-1.3826167583465576,-0.3605978786945343,0.7840549945831299,-1.6163909435272217,-0.4316644072532654,0.9633240103721619,-1.8315341472625732,-0.4764200448989868,0.5608319640159607,-0.7434287071228027,-0.16939494013786316,0.7564672827720642,-0.9969102144241333,-0.3786376118659973,0.5338361859321594,-0.765491783618927,-0.3891640305519104,0.3748076856136322,-0.6167610287666321,-0.3454280197620392,0.6723803877830505,-0.5375433564186096,-0.16177763044834137,0.822821319103241,-0.7200146317481995,-0.337129682302475,0.6556010246276855,-0.5729121565818787,-0.3289460837841034,0.49768874049186707,-0.44719892740249634,-0.2889822721481323,scissors
0.0,0.0,0.0,-0.12692004442214966,-0.2434249371290207,-0.4646439850330353,-0.0783088281750679,-0.48506471514701843,-0.6715473532676697,0.2503226697444916,-0.6368542909622192,-0.8261053562164307,0.6179393529891968,-0.7026082873344421,-0.955337405204773,0.09158408641815186,-0.9747785925865173,-0.33480629324913025,0.12101059406995773,-1.3698325157165527,-0.5108153223991394,0.14504380524158478,-1.6214888095855713,-0.6409260034561157,0.1936948150396347,-1.8183923959732056,-0.7289655208587646,0.3593890368938446,-0.9056875109672546,-0.22487691044807434,0.5980497598648071,-1.3723061084747314,-0.35629802942276,0.773042619228363,-1.6151814460754395,-0.43783941864967346,0.9392175674438477,-1.823099970817566,-0.49177125096321106,0.5492900609970093,-0.7353982925415039,-0.1688004732131958,0.7419716715812683,-0.9716367125511169,-0.4113660454750061,0.5362684726715088,-0.7486078143119812,-0.47683849930763245,0.38210174441337585,-0.5955920219421387,-0.46482956409454346,0.6778576374053955,-0.5353080630302429,-0.1525549739599228,0.815634548664093,-0.7000083327293396,-0.38005247712135315,0.6497324705123901,-0.5488762259483337,-0.41785764694213867,0.4959850013256073,-0.42513126134872437,-0.40554261207580566,scissors
0.0,0.0,0.0,-0.14087411761283875,-0.2846982777118683,-0.32418274879455566,-0.13945914804935455,-0.5274824500083923,-0.5037197470664978,0.20729181170463562,-0.7075968384742737,-0.6543641090393066,0.571127712726593,-0.7702455520629883,-0.7738431692123413,0.051079582422971725,-0.9803906083106995,-0.26099908351898193,0.08232887089252472,-1.430088758468628,-0.4127105474472046,0.09324844181537628,-1.6840150356292725,-0.5108668804168701,0.13859033584594727,-1.8787801265716553,-0.5839799046516418,0.32150405645370483,-0.9269294738769531,-0.19348636269569397,0.5039801597595215,-1.4306529760360718,-0.3285772502422333,0.6270431280136108,-1.6582427024841309,-0.35628998279571533,0.7701681852340698,-1.8823966979980469,-0.3762647807598114,0.5386670231819153,-0.766872763633728,-0.16314499080181122,0.7223803997039795,-1.0493128299713135,-0.3040560483932495,0.5126230120658875,-0.8011086583137512,-0.24280425906181335,0.3702351450920105,-0.6469140648841858,-0.17282776534557343,0.6554660201072693,-0.5526233315467834,-0.17179568111896515,0.812026858329773,-0.7563140392303467,-0.27393263578414917,0.6407981514930725,-0.6176145076751709,-0.22649945318698883,0.4903518259525299,-0.4858357310295105,-0.17660608887672424,scissors
0.0,0.0,0.0,-0.13919933140277863,-0.2829706072807312,-0.31815776228904724,-0.12239985913038254,-0.5323606729507446,-0.4700184762477875,0.23204860091209412,-0.6944277286529541,-0.5951665043830872,0.5946539640426636,-0.7538613080978394,-0.6947740316390991,0.06789278984069824,-0.9784865379333496,-0.21360117197036743,0.08642373234033585,-1.4139883518218994,-0.35384923219680786,0.09142223000526428,-1.6671584844589233,-0.4535297453403473,0.13768380880355835,-1.868730902671814,-0.5244219303131104,0.34751275181770325,-0.9248550534248352,-0.15452513098716736,0.5360784530639648,-1.4094175100326538,-0.27691057324409485,0.6628377437591553,-1.6448708772659302,-0.32869967818260193,0.7973093390464783,-1.8584262132644653,-0.35914573073387146,0.5613244771957397,-0.7660992741584778,-0.13377481698989868,0.7357105612754822,-1.020243763923645,-0.31633463501930237,0.5309776067733765,-0.7817244529724121,-0.3099982440471649,0.3844006657600403,-0.6245057582855225,-0.2575388550758362,0.6890918612480164,-0.5552147030830383,-0.14537744224071503,0.8388224840164185,-0.7534661889076233,-0.290843665599823,0.6709267497062683,-0.6109271049499512,-0.26238158345222473,0.520290195941925,-0.4809662103652954,-0.2103199064731598,scissors
0.0,0.0,0.0,-0.1522214561700821,-0.28033944964408875,-0.3160141408443451,-0.1289890855550766,-0.5356809496879578,-0.47362086176872253,0.22692593932151794,-0.6761374473571777,-0.6108697056770325,0.5998625159263611,-0.7238836288452148,-0.7271397113800049,0.060455478727817535,-0.9798281788825989,-0.20818734169006348,0.06476859003305435,-1.399567723274231,-0.35902857780456543,0.06392867118120193,-1.6505742073059082,-0.47058549523353577,0.10332158952951431,-1.8541531562805176,-0.5492174029350281,0.34291014075279236,-0.9251068234443665,-0.16306431591510773,0.5268187522888184,-1.405263900756836,-0.2898934483528137,0.6523652672767639,-1.6472386121749878,-0.3577615022659302,0.7841246128082275,-1.8611103296279907,-0.39965537190437317,0.5566985607147217,-0.7615031003952026,-0.1572875678539276,0.7282023429870605,-1.0062669515609741,-0.3681153953075409,0.5255541801452637,-0.7670440673828125,-0.38608115911483765,0.3731110394001007,-0.6022807955741882,-0.3436126708984375,0.6975670456886292,-0.5484774708747864,-0.18160602450370789,0.8368374705314636,-0.7389654517173767,-0.35865700244903564,0.6689395904541016,-0.5907080769538879,-0.34588879346847534,0.5223119854927063,-0.45800772309303284,-0.2999721169471741,scissors
0.0,0.0,0.0,-0.13860997557640076,-0.2817745804786682,-0.29916220903396606,-0.12271658331155777,-0.533117413520813,-0.4542697072029114,0.22353209555149078,-0.6864424347877502,-0.5938330888748169,0.5941762328147888,-0.7314685583114624,-0.7119279503822327,0.06394410878419876,-0.9847692847251892,-0.17782141268253326,0.07014844566583633,-1.4097504615783691,-0.32310542464256287,0.07091876119375229,-1.6605746746063232,-0.4312053322792053,0.10436573624610901,-1.858469843864441,-0.5058704614639282,0.3459712266921997,-0.9284239411354065,-0.13539911806583405,0.5351209044456482,-1.4030529260635376,-0.2548523247241974,0.666706919670105,-1.6409752368927002,-0.31435129046440125,0.8006770610809326,-1.8570928573608398,-0.34927207231521606,0.5584416389465332,-0.7643442153930664,-0.1328366994857788,0.7259705066680908,-1.010509967803955,-0.327424556016922,0.5349991321563721,-0.778557300567627,-0.3363473415374756,0.3873851001262665,-0.6189923286437988,-0.2894083261489868,0.6920976638793945,-0.5508410334587097,-0.15987299382686615,0.8357902765274048,-0.7468878626823425,-0.3179166615009308,0.6776197552680969,-0.6054880023002625,-0.29675471782684326,0.5325607061386108,-0.4735058844089508,-0.24641799926757812,scissors
0.0,0.0,0.0,-0.14192886650562286,-0.27383849024772644,-0.30569198727607727,-0.13311055302619934,-0.5283383727073669,-0.4584128260612488,0.20622678101062775,-0.6802405118942261,-0.5920288562774658,0.5784531235694885,-0.7286761999130249,-0.7041941285133362,0.056513767689466476,-0.9824063777923584,-0.18999361991882324,0.05736608803272247,-1.405364751815796,-0.33370256423950195,0.05691220611333847,-1.6556679010391235,-0.437910258769989,0.09590405970811844,-1.857804536819458,-0.5101566314697266,0.34217357635498047,-0.9280667901039124,-0.14700070023536682,0.5243732929229736,-1.4077225923538208,-0.27498430013656616,0.6479440331459045,-1.6523598432540894,-0.34154877066612244,0.7718824744224548,-1.8650104999542236,-0.37760186195373535,0.5566691756248474,-0.7624881863594055,-0.14243657886981964,0.725901186466217,-0.9942893385887146,-0.3564704656600952,0.5285327434539795,-0.7654649019241333,-0.3755205571651459,0.3818274736404419,-0.6075960397720337,-0.32828593254089355,0.699268639087677,-0.548121988773346,-0.16563382744789124,0.8380228281021118,-0.7405479550361633,-0.33925873041152954,0.6762024164199829,-0.5957282781600952,-0.32213038206100464,0.5361884236335754,-0.4651471972465515,-0.2699570655822754,scissors
0.0,0.0,0.0,-0.14841294288635254,-0.2686413824558258,-0.33155521750450134,-0.12996409833431244,-0.5278398394584656,-0.48767828941345215,0.21679005026817322,-0.6686201095581055,-0.6184231638908386,0.5941793322563171,-0.7201084494590759,-0.7281273007392883,0.065609410405159,-0.9818387031555176,-0.2051987200975418,0.0693860799074173,-1.3993514776229858,-0.3516797423362732,0.06854279339313507,-1.6474673748016357,-0.45869502425193787,0.10803404450416565,-1.8484899997711182,-0.5316678285598755,0.349302738904953,-0.9246588349342346,-0.1516365259885788,0.5310905575752258,-1.39452064037323,-0.2799731492996216,0.6554644703865051,-1.6411199569702148,-0.35389596223831177,0.7749356627464294,-1.8473260402679443,-0.393248051404953,0.5564236640930176,-0.7559714913368225,-0.13970188796520233,0.7128783464431763,-0.9765270352363586,-0.37278643250465393,0.5154349207878113,-0.7507282495498657,-0.4133964776992798,0.3756953775882721,-0.5906271934509277,-0.37448811531066895,0.7016496658325195,-0.5428242683410645,-0.15506242215633392,0.8280991911888123,-0.7311832904815674,-0.34932389855384827,0.6607387065887451,-0.5869306921958923,-0.34660908579826355,0.5252314209938049,-0.4573585093021393,-0.30042487382888794,scissors
